method,k,precision,recall
LRT (log_e),1,0.0,0.0
LRT (log_e),51,0.0,0.0
LRT (log_e),101,0.0,0.0
LRT (log_e),151,0.0,0.0
LRT (log_e),201,0.0,0.0
LRT (log_e),251,0.0,0.0
LRT (log_e),301,0.0,0.0
LRT (log_e),351,0.0,0.0
LRT (log_e),401,0.0,0.0
LRT (log_e),451,0.0,0.0
LRT (log_e),501,0.0,0.0
LRT (log_e),551,0.0,0.0
LRT (log_e),601,0.0,0.0
LRT (log_e),651,0.0,0.0
LRT (log_e),701,0.0,0.0
LRT (log_e),751,0.0,0.0
LRT (log_e),801,0.0,0.0
LRT (log_e),851,0.0,0.0
LRT (log_e),901,0.0,0.0
LRT (log_e),951,0.0,0.0
LRT (log_e),1001,0.0,0.0
LRT (log_e),1051,0.0,0.0
LRT (log_e),1101,0.0,0.0
LRT (log_e),1151,0.0,0.0
LRT (log_e),1201,0.0,0.0
LRT (log_e),1251,0.0,0.0
LRT (log_e),1301,0.0,0.0
LRT (log_e),1351,0.0,0.0
LRT (log_e),1401,0.0,0.0
LRT (log_e),1451,0.0,0.0
LRT (log_e),1501,0.0,0.0
LRT (log_e),1551,0.0,0.0
LRT (log_e),1601,0.0,0.0
LRT (log_e),1651,0.0,0.0
LRT (log_e),1701,0.0,0.0
LRT (log_e),1751,0.0,0.0
LRT (log_e),1801,0.0,0.0
LRT (log_e),1851,0.0,0.0
LRT (log_e),1901,0.0,0.0
LRT (log_e),1951,0.0,0.0
LRT (log_e),2001,0.0,0.0
LRT (log_e),2051,0.0,0.0
LRT (log_e),2101,0.0,0.0
LRT (log_e),2151,0.0,0.0
LRT (log_e),2201,0.0,0.0
LRT (log_e),2251,0.0,0.0
LRT (log_e),2301,0.0,0.0
LRT (log_e),2351,0.0,0.0
LRT (log_e),2401,0.0,0.0
LRT (log_e),2451,0.0004079967360261118,0.00016469038208168644
LRT (log_e),2501,0.00039984006397441024,0.00016469038208168644
LRT (log_e),2551,0.0003920031360250882,0.00016469038208168644
LRT (log_e),2601,0.0007689350249903883,0.00032938076416337287
LRT (log_e),2651,0.0007544322897019992,0.00032938076416337287
LRT (log_e),2701,0.0007404664938911515,0.00032938076416337287
LRT (log_e),2751,0.0007270083605961468,0.00032938076416337287
LRT (log_e),2801,0.0007140307033202428,0.00032938076416337287
LRT (log_e),2851,0.0007015082427218519,0.00032938076416337287
LRT (log_e),2901,0.0006894174422612892,0.00032938076416337287
LRT (log_e),2951,0.0013554727211114877,0.0006587615283267457
LRT (log_e),3001,0.0013328890369876708,0.0006587615283267457
LRT (log_e),3051,0.0019665683382497543,0.0009881422924901185
LRT (log_e),3101,0.0025798129635601417,0.0013175230566534915
LRT (log_e),3151,0.0025388765471278957,0.0013175230566534915
LRT (log_e),3201,0.002499218994064355,0.0013175230566534915
LRT (log_e),3251,0.002460781298062135,0.0013175230566534915
LRT (log_e),3301,0.0024235080278703423,0.0013175230566534915
LRT (log_e),3351,0.002387347060578932,0.0013175230566534915
LRT (log_e),3401,0.004116436342252279,0.00230566534914361
LRT (log_e),3451,0.005215879455230368,0.0029644268774703555
LRT (log_e),3501,0.009140245644101685,0.005270092226613966
LRT (log_e),3551,0.014925373134328358,0.00872859025032938
LRT (log_e),3601,0.014995834490419328,0.008893280632411068
LRT (log_e),3651,0.015064365927143249,0.009057971014492754
LRT (log_e),3701,0.017022426371251013,0.010375494071146246
LRT (log_e),3751,0.017861903492402027,0.01103425559947299
LRT (log_e),3801,0.018679294922388845,0.011693017127799736
LRT (log_e),3851,0.019735133731498312,0.012516469038208168
LRT (log_e),3901,0.02127659574468085,0.013669301712779974
LRT (log_e),3951,0.02201974183750949,0.01432806324110672
LRT (log_e),4001,0.023994001499625092,0.015810276679841896
LRT (log_e),4051,0.026906936558874352,0.01795125164690382
LRT (log_e),4101,0.0265788831992197,0.01795125164690382
LRT (log_e),4151,0.026499638641291255,0.018115942028985508
LRT (log_e),4201,0.026422280409426326,0.018280632411067192
LRT (log_e),4251,0.02611150317572336,0.018280632411067192
LRT (log_e),4301,0.025807951639153684,0.018280632411067192
LRT (log_e),4351,0.02551137669501264,0.018280632411067192
LRT (log_e),4401,0.025221540558963872,0.018280632411067192
LRT (log_e),4451,0.024938216131206472,0.018280632411067192
LRT (log_e),4501,0.024661186403021552,0.018280632411067192
LRT (log_e),4551,0.024390243902439025,0.018280632411067192
LRT (log_e),4601,0.024125190176048684,0.018280632411067192
LRT (log_e),4651,0.02386583530423565,0.018280632411067192
LRT (log_e),4701,0.03382259093809828,0.026185770750988144
LRT (log_e),4751,0.03851820669332772,0.030138339920948616
LRT (log_e),4801,0.04499062695271818,0.03557312252964427
LRT (log_e),4851,0.04926819212533498,0.039361001317523056
LRT (log_e),4901,0.05447867782085289,0.04397233201581028
LRT (log_e),4951,0.05756412845889719,0.04693675889328063
LRT (log_e),5001,0.05698860227954409,0.04693675889328063
LRT (log_e),5051,0.056424470401900614,0.04693675889328063
LRT (log_e),5101,0.05841991766320329,0.04907773386034255
LRT (log_e),5151,0.0627062706270627,0.05319499341238472
LRT (log_e),5201,0.06421841953470486,0.055006587615283264
LRT (log_e),5251,0.06951056941534946,0.060111989459815544
LRT (log_e),5301,0.07375966798717223,0.06439393939393939
LRT (log_e),5351,0.07699495421416558,0.06785243741765482
LRT (log_e),5401,0.08405850768376226,0.07476943346508563
LRT (log_e),5451,0.09246009906439186,0.08300395256916997
LRT (log_e),5501,0.10016360661697873,0.09074440052700922
LRT (log_e),5551,0.10268420104485679,0.09387351778656126
LRT (log_e),5601,0.10676664881271201,0.09848484848484848
LRT (log_e),5651,0.11449301008671031,0.10655467720685112
LRT (log_e),5701,0.1208559901771619,0.11347167325428195
LRT (log_e),5751,0.1276299773952356,0.12088274044795784
LRT (log_e),5801,0.13187381485950697,0.1259881422924901
LRT (log_e),5851,0.13467783284908563,0.1297760210803689
LRT (log_e),5901,0.13641755634638197,0.13257575757575757
LRT (log_e),5951,0.13527138296084693,0.13257575757575757
LRT (log_e),6001,0.13414430928178636,0.13257575757575757
LRT (log_e),6051,0.13452321930259462,0.13405797101449277
LRT (log_e),6101,0.13358465825274546,0.13422266139657443
LRT (log_e),6151,0.1331490814501707,0.13488142292490118
LRT (log_e),6201,0.13513949363005967,0.13801054018445322
LRT (log_e),6251,0.135498320268757,0.13949275362318841
LRT (log_e),6301,0.13664497698777972,0.141798418972332
LRT (log_e),6351,0.1387183120768383,0.14509222661396576
LRT (log_e),6401,0.13888454928917357,0.14640974967061923
LRT (log_e),6451,0.1409083862966982,0.14970355731225296
LRT (log_e),6501,0.14059375480695277,0.1505270092226614
LRT (log_e),6551,0.14119981682185925,0.15233860342555994
LRT (log_e),6601,0.14073625208301774,0.1529973649538867
LRT (log_e),6651,0.1401293038640806,0.15349143610013175
LRT (log_e),6701,0.13908371884793314,0.15349143610013175
LRT (log_e),6751,0.1380536216856762,0.15349143610013175
LRT (log_e),6801,0.13718570798411997,0.15365612648221344
LRT (log_e),6851,0.13633046270617427,0.15382081686429513
LRT (log_e),6901,0.1356325170265179,0.1541501976284585
LRT (log_e),6951,0.13465688390159689,0.1541501976284585
LRT (log_e),7001,0.1341236966147693,0.15464426877470355
LRT (log_e),7051,0.13317259963125797,0.15464426877470355
LRT (log_e),7101,0.13223489649345163,0.15464426877470355
LRT (log_e),7151,0.131310306250874,0.15464426877470355
LRT (log_e),7201,0.1348423830023608,0.15991436100131753
LRT (log_e),7251,0.14080816439111846,0.16814888010540185
LRT (log_e),7301,0.14669223394055608,0.17638339920948617
LRT (log_e),7351,0.1523602230988981,0.1844532279314888
LRT (log_e),7401,0.1580867450344548,0.19268774703557312
LRT (log_e),7451,0.16360220104683934,0.20075757575757575
LRT (log_e),7501,0.169177443007599,0.20899209486166007
LRT (log_e),7551,0.1746788504833797,0.21722661396574441
LRT (log_e),7601,0.18010788054203394,0.22546113306982873
LRT (log_e),7651,0.18546595216311593,0.23369565217391305
LRT (log_e),7701,0.19075444747435397,0.24193017127799737
LRT (log_e),7751,0.19597471294026578,0.25016469038208167
LRT (log_e),7801,0.20112806050506346,0.258399209486166
LRT (log_e),7851,0.20621576869188638,0.2666337285902503
LRT (log_e),7901,0.2111125174028604,0.274703557312253
LRT (log_e),7951,0.21506728713369389,0.2816205533596838
LRT (log_e),8001,0.21984751906011749,0.2896903820816864
LRT (log_e),8051,0.224692584772078,0.29792490118577075
LRT (log_e),8101,0.22923095914084682,0.3058300395256917
LRT (log_e),8151,0.2290516501042817,0.30747694334650855
LRT (log_e),8201,0.2276551640043897,0.30747694334650855
LRT (log_e),8251,0.2262756029572173,0.30747694334650855
LRT (log_e),8301,0.22491266112516564,0.30747694334650855
LRT (log_e),8351,0.22392527840977128,0.3079710144927536
LRT (log_e),8401,0.22830615402928223,0.31587615283267456
LRT (log_e),8451,0.23228020352620993,0.32328722002635046
LRT (log_e),8501,0.23244324197153277,0.3254281949934124
LRT (log_e),8551,0.23108408373289674,0.3254281949934124
LRT (log_e),8601,0.23171724218114173,0.32822793148880103
LRT (log_e),8651,0.23615766963356838,0.3364624505928854
LRT (log_e),8701,0.238823123778876,0.3422266139657444
LRT (log_e),8751,0.24317220889041252,0.35046113306982873
LRT (log_e),8801,0.24747187819565958,0.358695652173913
LRT (log_e),8851,0.24788159529996612,0.36133069828722003
LRT (log_e),8901,0.24648915852151443,0.36133069828722003
LRT (log_e),8951,0.24511227795777007,0.36133069828722003
LRT (log_e),9001,0.24375069436729252,0.36133069828722003
LRT (log_e),9051,0.24240415423710088,0.36133069828722003
LRT (log_e),9101,0.245467531040545,0.3679183135704875
LRT (log_e),9151,0.24959020872035842,0.3761528326745718
LRT (log_e),9201,0.25366807955656995,0.38438735177865613
LRT (log_e),9251,0.2575937736460923,0.39245718050065875
LRT (log_e),9301,0.2595419847328244,0.39756258234519104
LRT (log_e),9351,0.2635012298149931,0.4057971014492754
LRT (log_e),9401,0.2674183597489629,0.4140316205533597
LRT (log_e),9451,0.2701301449582055,0.42045454545454547
LRT (log_e),9501,0.2703925902536575,0.4230895915678524
LRT (log_e),9551,0.27400272222803895,0.4309947299077734
LRT (log_e),9601,0.2761170711384231,0.4365942028985507
LRT (log_e),9651,0.2789348254066936,0.44334650856389984
LRT (log_e),9701,0.2815173693433667,0.44976943346508563
LRT (log_e),9751,0.28386832119782585,0.45586297760210803
LRT (log_e),9801,0.28701152943577185,0.46327404479578393
LRT (log_e),9851,0.28991980509592935,0.47035573122529645
LRT (log_e),9901,0.29178870821129177,0.47579051383399207
LRT (log_e),9951,0.29424178474525176,0.48221343873517786
LRT (log_e),10001,0.29647035296470353,0.48830698287220026
LRT (log_e),10051,0.2994726892846483,0.49571805006587616
LRT (log_e),10101,0.30274230274230274,0.5036231884057971
LRT (log_e),10151,0.30597970643286376,0.511528326745718
LRT (log_e),10201,0.30938143319282424,0.5197628458498024
LRT (log_e),10251,0.3127499756121354,0.5279973649538867
LRT (log_e),10301,0.31608581691097953,0.5362318840579711
LRT (log_e),10351,0.3193894309728529,0.5444664031620553
LRT (log_e),10401,0.32266128256898374,0.5527009222661396
LRT (log_e),10451,0.3259018275763085,0.560935441370224
LRT (log_e),10501,0.32644510046662223,0.5645586297760211
LRT (log_e),10551,0.32688844659274,0.5680171277997365
LRT (log_e),10601,0.3275162720498066,0.5718050065876152
LRT (log_e),10651,0.33067317622758424,0.5800395256916996
LRT (log_e),10701,0.3338005793851042,0.5882740447957839
LRT (log_e),10751,0.33420146963073205,0.5917325428194994
LRT (log_e),10801,0.3358948245532821,0.5974967061923584
LRT (log_e),10851,0.3385863054096397,0.605072463768116
LRT (log_e),10901,0.34088615723328136,0.6119894598155468
LRT (log_e),10951,0.342434480869327,0.6175889328063241
LRT (log_e),11001,0.3454231433506045,0.6258234519104084
LRT (log_e),11051,0.34838476156003984,0.6340579710144928
LRT (log_e),11101,0.3511395369786506,0.6419631093544137
LRT (log_e),11151,0.35395928616267597,0.6500329380764164
LRT (log_e),11201,0.35684313900544595,0.6582674571805006
LRT (log_e),11251,0.35961247889076525,0.6663372859025033
LRT (log_e),11301,0.362445801256526,0.6745718050065876
LRT (log_e),11351,0.3649898687340322,0.6823122529644269
LRT (log_e),11401,0.367336198579072,0.6897233201581028
LRT (log_e),11451,0.37009868133787444,0.6979578392621871
LRT (log_e),11501,0.37048952265020435,0.7017457180500659
LRT (log_e),11551,0.37096355293913946,0.7056982872200264
LRT (log_e),11601,0.3720368933712611,0.7108036890645586
LRT (log_e),11651,0.3731010213715561,0.7159090909090909
LRT (log_e),11701,0.373301427228442,0.7193675889328063
LRT (log_e),11751,0.3756276061611778,0.7269433465085638
LRT (log_e),11801,0.3756461316837556,0.730072463768116
LRT (log_e),11851,0.37693021685933675,0.7356719367588933
LRT (log_e),11901,0.3789597512814049,0.7427536231884058
LRT (log_e),11951,0.37929880344741024,0.7465415019762845
LRT (log_e),12001,0.37805182901424883,0.7472002635046113
LRT (log_e),12051,0.3772301053854452,0.7486824769433466
LRT (log_e),12101,0.3766630856953971,0.7506587615283268
LRT (log_e),12151,0.37708830548926014,0.7546113306982872
LRT (log_e),12201,0.3769363166953528,0.7574110671936759
LRT (log_e),12251,0.379152722226757,0.7649868247694335
LRT (log_e),12301,0.37996910820258517,0.7697628458498024
LRT (log_e),12351,0.3812646749251073,0.7755270092226614
LRT (log_e),12401,0.3806144665752762,0.7773386034255599
LRT (log_e),12451,0.38165609188017025,0.782608695652174
LRT (log_e),12501,0.3840492760579154,0.7906785243741765
LRT (log_e),12551,0.3849095689586487,0.7956192358366272
LRT (log_e),12601,0.38338227124831364,0.7956192358366272
LRT (log_e),12651,0.38194609121808554,0.7957839262187089
LRT (log_e),12701,0.38044248484371307,0.7957839262187089
LRT (log_e),12751,0.37895067053564424,0.7957839262187089
LRT (log_e),12801,0.3792672447465042,0.7995718050065876
LRT (log_e),12851,0.3806707649210178,0.80566534914361
LRT (log_e),12901,0.38121075885590266,0.8099472990777339
LRT (log_e),12951,0.38151494093120225,0.8137351778656127
LRT (log_e),13001,0.3811245288823937,0.8160408432147562
LRT (log_e),13051,0.3805072408244579,0.8178524374176548
LRT (log_e),13101,0.38019998473398975,0.8203227931488801
LRT (log_e),13151,0.381339822066763,0.8259222661396575
LRT (log_e),13201,0.3832285432921748,0.8331686429512516
LRT (log_e),13251,0.3855558071088974,0.8414031620553359
LRT (log_e),13301,0.38756484474851516,0.8489789196310935
LRT (log_e),13351,0.3892592315182383,0.8558959156785244
LRT (log_e),13401,0.3903440041787926,0.8614953886693018
LRT (log_e),13451,0.39156940004460633,0.8674242424242424
LRT (log_e),13501,0.3926375824013036,0.8730237154150198
LRT (log_e),13551,0.3932551103239613,0.877635046113307
LRT (log_e),13601,0.3946033379898537,0.883893280632411
LRT (log_e),13651,0.3959416892535345,0.8901515151515151
LRT (log_e),13701,0.3969783227501642,0.8957509881422925
LRT (log_e),13751,0.39800741764235326,0.9013504611330698
LRT (log_e),13801,0.3992464314180132,0.9074440052700923
LRT (log_e),13851,0.40025990903183883,0.9130434782608695
LRT (log_e),13901,0.40162578231781887,0.9194664031620553
LRT (log_e),13951,0.4015482761092395,0.9225955204216074
LRT (log_e),14001,0.40239982858367257,0.9278656126482213
LRT (log_e),14051,0.40288947405878583,0.9323122529644269
LRT (log_e),14101,0.40337564711722573,0.9367588932806324
LRT (log_e),14151,0.4039290509504629,0.9413702239789197
LRT (log_e),14201,0.40468981057671993,0.9464756258234519
LRT (log_e),14251,0.40488386779875096,0.9502635046113307
LRT (log_e),14301,0.40479686735193343,0.9533926218708827
LRT (log_e),14351,0.4040833391401296,0.9550395256916996
LRT (log_e),14401,0.4037219637525172,0.9575098814229249
LRT (log_e),14451,0.4033630890595806,0.9599802371541502
LRT (log_e),14501,0.40335149300048273,0.9632740447957839
LRT (log_e),14551,0.402515291045289,0.9645915678524374
LRT (log_e),14601,0.4016848161084857,0.9659090909090909
LRT (log_e),14651,0.40120128318886084,0.9680500658761528
LRT (log_e),14701,0.40024488130059177,0.969038208168643
LRT (log_e),14751,0.3992949630533523,0.9700263504611331
LRT (log_e),14801,0.39902709276400244,0.9726613965744401
LRT (log_e),14851,0.39849168406167934,0.9746376811594203
LRT (log_e),14901,0.3977585396953225,0.9761198945981555
LRT (log_e),14951,0.39709718413484046,0.9777667984189723
LRT (log_e),15001,0.39610692620491966,0.9785902503293807
LRT (log_e),15051,0.3952561291608531,0.9797430830039525
LRT (log_e),15101,0.3948745116217469,0.9820487483530962
LRT (log_e),15151,0.3947594218203419,0.9850131752305665
LRT (log_e),15201,0.3946450891388724,0.9879776021080369
LRT (log_e),15251,0.3941380893056193,0.9899538866930171
LRT (log_e),15301,0.3933076269524868,0.991106719367589
LRT (log_e),15351,0.39209172040909385,0.9912714097496707
LRT (log_e),15401,0.39166287903382896,0.9934123847167325
LRT (log_e),15451,0.39104265096110286,0.9950592885375494
LRT (log_e),15501,0.3899103283659119,0.9953886693017128
LRT (log_e),15551,0.3889138962124622,0.9960474308300395
LRT (log_e),15601,0.3877956541247356,0.9963768115942029
LRT (log_e),15651,0.3870679189828126,0.9976943346508564
LRT (log_e),15701,0.386535889433794,0.9995059288537549
Mixture-LR (log_e),1,0.0,0.0
Mixture-LR (log_e),51,0.0,0.0
Mixture-LR (log_e),101,0.0,0.0
Mixture-LR (log_e),151,0.0,0.0
Mixture-LR (log_e),201,0.0,0.0
Mixture-LR (log_e),251,0.0,0.0
Mixture-LR (log_e),301,0.0,0.0
Mixture-LR (log_e),351,0.0,0.0
Mixture-LR (log_e),401,0.0,0.0
Mixture-LR (log_e),451,0.0,0.0
Mixture-LR (log_e),501,0.0,0.0
Mixture-LR (log_e),551,0.0,0.0
Mixture-LR (log_e),601,0.0,0.0
Mixture-LR (log_e),651,0.0,0.0
Mixture-LR (log_e),701,0.0,0.0
Mixture-LR (log_e),751,0.0,0.0
Mixture-LR (log_e),801,0.0,0.0
Mixture-LR (log_e),851,0.0,0.0
Mixture-LR (log_e),901,0.0,0.0
Mixture-LR (log_e),951,0.0,0.0
Mixture-LR (log_e),1001,0.0,0.0
Mixture-LR (log_e),1051,0.0,0.0
Mixture-LR (log_e),1101,0.0,0.0
Mixture-LR (log_e),1151,0.0,0.0
Mixture-LR (log_e),1201,0.0,0.0
Mixture-LR (log_e),1251,0.0,0.0
Mixture-LR (log_e),1301,0.0,0.0
Mixture-LR (log_e),1351,0.0,0.0
Mixture-LR (log_e),1401,0.0,0.0
Mixture-LR (log_e),1451,0.0,0.0
Mixture-LR (log_e),1501,0.0,0.0
Mixture-LR (log_e),1551,0.0,0.0
Mixture-LR (log_e),1601,0.0,0.0
Mixture-LR (log_e),1651,0.0,0.0
Mixture-LR (log_e),1701,0.0,0.0
Mixture-LR (log_e),1751,0.0,0.0
Mixture-LR (log_e),1801,0.0,0.0
Mixture-LR (log_e),1851,0.0,0.0
Mixture-LR (log_e),1901,0.0,0.0
Mixture-LR (log_e),1951,0.0,0.0
Mixture-LR (log_e),2001,0.0,0.0
Mixture-LR (log_e),2051,0.0,0.0
Mixture-LR (log_e),2101,0.0,0.0
Mixture-LR (log_e),2151,0.0,0.0
Mixture-LR (log_e),2201,0.0,0.0
Mixture-LR (log_e),2251,0.0,0.0
Mixture-LR (log_e),2301,0.0,0.0
Mixture-LR (log_e),2351,0.0,0.0
Mixture-LR (log_e),2401,0.0,0.0
Mixture-LR (log_e),2451,0.0,0.0
Mixture-LR (log_e),2501,0.0,0.0
Mixture-LR (log_e),2551,0.0,0.0
Mixture-LR (log_e),2601,0.0,0.0
Mixture-LR (log_e),2651,0.0,0.0
Mixture-LR (log_e),2701,0.0,0.0
Mixture-LR (log_e),2751,0.0,0.0
Mixture-LR (log_e),2801,0.0,0.0
Mixture-LR (log_e),2851,0.0,0.0
Mixture-LR (log_e),2901,0.0,0.0
Mixture-LR (log_e),2951,0.0,0.0
Mixture-LR (log_e),3001,0.0,0.0
Mixture-LR (log_e),3051,0.0,0.0
Mixture-LR (log_e),3101,0.0,0.0
Mixture-LR (log_e),3151,0.0,0.0
Mixture-LR (log_e),3201,0.0,0.0
Mixture-LR (log_e),3251,0.0,0.0
Mixture-LR (log_e),3301,0.0,0.0
Mixture-LR (log_e),3351,0.0,0.0
Mixture-LR (log_e),3401,0.0,0.0
Mixture-LR (log_e),3451,0.0002897710808461316,0.00016469038208168644
Mixture-LR (log_e),3501,0.00028563267637817766,0.00016469038208168644
Mixture-LR (log_e),3551,0.000281610813855252,0.00016469038208168644
Mixture-LR (log_e),3601,0.00027770063871146905,0.00016469038208168644
Mixture-LR (log_e),3651,0.0002738975623116954,0.00016469038208168644
Mixture-LR (log_e),3701,0.0002701972439881113,0.00016469038208168644
Mixture-LR (log_e),3751,0.0005331911490269261,0.00032938076416337287
Mixture-LR (log_e),3801,0.0005261773217574323,0.00032938076416337287
Mixture-LR (log_e),3851,0.0005193456245131135,0.00032938076416337287
Mixture-LR (log_e),3901,0.0005126890540886952,0.00032938076416337287
Mixture-LR (log_e),3951,0.0007593014426727411,0.0004940711462450593
Mixture-LR (log_e),4001,0.000999750062484379,0.0006587615283267457
Mixture-LR (log_e),4051,0.0009874105159219946,0.0006587615283267457
Mixture-LR (log_e),4101,0.000975371860521824,0.0006587615283267457
Mixture-LR (log_e),4151,0.000963623223319682,0.0006587615283267457
Mixture-LR (log_e),4201,0.0016662699357295882,0.001152832674571805
Mixture-LR (log_e),4251,0.0018819101387908728,0.0013175230566534915
Mixture-LR (log_e),4301,0.0023250406882120438,0.0016469038208168643
Mixture-LR (log_e),4351,0.002528154447253505,0.0018115942028985507
Mixture-LR (log_e),4401,0.00408997955010225,0.0029644268774703555
Mixture-LR (log_e),4451,0.004044035048303752,0.0029644268774703555
Mixture-LR (log_e),4501,0.004221284159075761,0.003129117259552042
Mixture-LR (log_e),4551,0.004174906613931004,0.003129117259552042
Mixture-LR (log_e),4601,0.0043468811128015645,0.0032938076416337285
Mixture-LR (log_e),4651,0.004515158030531069,0.003458498023715415
Mixture-LR (log_e),4701,0.005956179536268879,0.00461133069828722
Mixture-LR (log_e),4751,0.007156388128814986,0.005599472990777339
Mixture-LR (log_e),4801,0.007498437825453031,0.005928853754940711
Mixture-LR (log_e),4851,0.007627293341579056,0.006093544137022398
Mixture-LR (log_e),4901,0.008569679657212814,0.00691699604743083
Mixture-LR (log_e),4951,0.010906887497475258,0.008893280632411068
Mixture-LR (log_e),5001,0.011597680463907219,0.009552042160737812
Mixture-LR (log_e),5051,0.012472777667788556,0.010375494071146246
Mixture-LR (log_e),5101,0.014506959419721624,0.012187088274044796
Mixture-LR (log_e),5151,0.0166957872257814,0.014163372859025032
Mixture-LR (log_e),5201,0.020380696019996154,0.01745718050065876
Mixture-LR (log_e),5251,0.022852789944772425,0.019762845849802372
Mixture-LR (log_e),5301,0.025844180343331448,0.02256258234519104
Mixture-LR (log_e),5351,0.02934031022238834,0.025856389986824768
Mixture-LR (log_e),5401,0.03406776522866136,0.030303030303030304
Mixture-LR (log_e),5451,0.03760777838928637,0.03376152832674572
Mixture-LR (log_e),5501,0.04053808398473005,0.03672595520421607
Mixture-LR (log_e),5551,0.04341560079264997,0.03969038208168643
Mixture-LR (log_e),5601,0.04731297982503124,0.043642951251646904
Mixture-LR (log_e),5651,0.051318350734383296,0.047760210803689064
Mixture-LR (log_e),5701,0.05630591124364147,0.052865612648221344
Mixture-LR (log_e),5751,0.05981568422882977,0.05665349143610013
Mixture-LR (log_e),5801,0.06360972246164455,0.060770750988142296
Mixture-LR (log_e),5851,0.0685352931122885,0.06604084321475626
Mixture-LR (log_e),5901,0.07253007964751737,0.07048748353096179
Mixture-LR (log_e),5951,0.07528146529994958,0.07378129117259552
Mixture-LR (log_e),6001,0.07982002999500083,0.07888669301712779
Mixture-LR (log_e),6051,0.0842835894893406,0.08399209486166008
Mixture-LR (log_e),6101,0.0885100803147025,0.08893280632411067
Mixture-LR (log_e),6151,0.090716956592424,0.09189723320158102
Mixture-LR (log_e),6201,0.09079180777293985,0.09272068511198946
Mixture-LR (log_e),6251,0.09086546152615582,0.09354413702239789
Mixture-LR (log_e),6301,0.09141406126011745,0.09486166007905138
Mixture-LR (log_e),6351,0.09211147850732168,0.09634387351778656
Mixture-LR (log_e),6401,0.09295422590220279,0.09799077733860342
Mixture-LR (log_e),6451,0.09424895365059681,0.10013175230566534
Mixture-LR (log_e),6501,0.09598523304107061,0.10276679841897234
Mixture-LR (log_e),6551,0.09861089909937414,0.10638998682476944
Mixture-LR (log_e),6601,0.10028783517648841,0.10902503293807642
Mixture-LR (log_e),6651,0.10299203127349271,0.1128129117259552
Mixture-LR (log_e),6701,0.10580510371586331,0.11676548089591568
Mixture-LR (log_e),6751,0.10872463338764628,0.12088274044795784
Mixture-LR (log_e),6801,0.11086604911042494,0.12417654808959157
Mixture-LR (log_e),6851,0.11399795650270034,0.1286231884057971
Mixture-LR (log_e),6901,0.1163599478336473,0.1322463768115942
Mixture-LR (log_e),6951,0.11940727952812545,0.13669301712779974
Mixture-LR (log_e),7001,0.12269675760605628,0.14146903820816864
Mixture-LR (log_e),7051,0.12253581052333003,0.1422924901185771
Mixture-LR (log_e),7101,0.12336290663286861,0.1442687747035573
Mixture-LR (log_e),7151,0.12487763949098028,0.14706851119894598
Mixture-LR (log_e),7201,0.12581585890848493,0.1492094861660079
Mixture-LR (log_e),7251,0.1268790511653565,0.15151515151515152
Mixture-LR (log_e),7301,0.1287494863717299,0.15480895915678525
Mixture-LR (log_e),7351,0.13045844102843152,0.15793807641633728
Mixture-LR (log_e),7401,0.13187407107147683,0.16073781291172595
Mixture-LR (log_e),7451,0.1346128036505167,0.1651844532279315
Mixture-LR (log_e),7501,0.1371817091054526,0.16946640316205533
Mixture-LR (log_e),7551,0.13878956429611972,0.1725955204216074
Mixture-LR (log_e),7601,0.14129719773713986,0.17687747035573123
Mixture-LR (log_e),7651,0.14324924846425305,0.18050065876152832
Mixture-LR (log_e),7701,0.14582521750422023,0.18494729907773386
Mixture-LR (log_e),7751,0.14940007740936653,0.1907114624505929
Mixture-LR (log_e),7801,0.15177541340853737,0.19499341238471674
Mixture-LR (log_e),7851,0.15412049420455992,0.19927536231884058
Mixture-LR (log_e),7901,0.157954689279838,0.20553359683794467
Mixture-LR (log_e),7951,0.1606087284618287,0.21030961791831357
Mixture-LR (log_e),8001,0.16297962754655668,0.2147562582345191
Mixture-LR (log_e),8051,0.16594211899142963,0.22002635046113306
Mixture-LR (log_e),8101,0.16849771633131713,0.22480237154150198
Mixture-LR (log_e),8151,0.17188075082811924,0.2307312252964427
Mixture-LR (log_e),8201,0.1746128520912084,0.23583662714097497
Mixture-LR (log_e),8251,0.17767543328081445,0.24143610013175232
Mixture-LR (log_e),8301,0.18106252258764005,0.2475296442687747
Mixture-LR (log_e),8351,0.18416956053167285,0.25329380764163373
Mixture-LR (log_e),8401,0.18640638019283418,0.25790513833992096
Mixture-LR (log_e),8451,0.18920837770678026,0.2633399209486166
Mixture-LR (log_e),8501,0.19209504764145394,0.2689393939393939
Mixture-LR (log_e),8551,0.19471406852999648,0.27420948616600793
Mixture-LR (log_e),8601,0.19741890477851412,0.27964426877470355
Mixture-LR (log_e),8651,0.2004392555773899,0.2855731225296443
Mixture-LR (log_e),8701,0.20239052982415814,0.2900197628458498
Mixture-LR (log_e),8751,0.20511941492400868,0.29561923583662714
Mixture-LR (log_e),8801,0.20736279968185434,0.30055994729907776
Mixture-LR (log_e),8851,0.2096938199073551,0.30566534914361
Mixture-LR (log_e),8901,0.2126727334007415,0.3117588932806324
Mixture-LR (log_e),8951,0.2158418053848732,0.3181818181818182
Mixture-LR (log_e),9001,0.21842017553605156,0.3237812911725955
Mixture-LR (log_e),9051,0.22085957352778698,0.3292160737812912
Mixture-LR (log_e),9101,0.2234919239643995,0.3349802371541502
Mixture-LR (log_e),9151,0.22598623101300405,0.34057971014492755
Mixture-LR (log_e),9201,0.22812737745897185,0.34568511198945984
Mixture-LR (log_e),9251,0.23143443952005188,0.3526021080368906
Mixture-LR (log_e),9301,0.23395333835071497,0.3583662714097497
Mixture-LR (log_e),9351,0.23665918083627419,0.3644598155467721
Mixture-LR (log_e),9401,0.23891075417508775,0.3698945981554677
Mixture-LR (log_e),9451,0.24124431277113534,0.37549407114624506
Mixture-LR (log_e),9501,0.2442900747289759,0.3822463768115942
Mixture-LR (log_e),9551,0.24678044183855094,0.3881752305665349
Mixture-LR (log_e),9601,0.2492448703260077,0.39410408432147565
Mixture-LR (log_e),9651,0.2515801471350119,0.39986824769433466
Mixture-LR (log_e),9701,0.2535821049376353,0.4051383399209486
Mixture-LR (log_e),9751,0.2562814070351759,0.4115612648221344
Mixture-LR (log_e),9801,0.25895316804407714,0.41798418972332013
Mixture-LR (log_e),9851,0.2609887321084154,0.4234189723320158
Mixture-LR (log_e),9901,0.2635087364912635,0.4296772068511199
Mixture-LR (log_e),9951,0.2656014470907446,0.4352766798418972
Mixture-LR (log_e),10001,0.2675732426757324,0.4407114624505929
Mixture-LR (log_e),10051,0.26982389811959007,0.44664031620553357
Mixture-LR (log_e),10101,0.27126027126027125,0.4512516469038208
Mixture-LR (log_e),10151,0.27376613141562406,0.4576745718050066
Mixture-LR (log_e),10201,0.2760513675129889,0.463768115942029
Mixture-LR (log_e),10251,0.2782167593405521,0.4696969696969697
Mixture-LR (log_e),10301,0.28016697408018637,0.475296442687747
Mixture-LR (log_e),10351,0.28180852091585357,0.4804018445322793
Mixture-LR (log_e),10401,0.28401115277377176,0.4864953886693017
Mixture-LR (log_e),10451,0.28609702420820976,0.49242424242424243
Mixture-LR (log_e),10501,0.2879725740405676,0.4980237154150198
Mixture-LR (log_e),10551,0.2900199033266989,0.5039525691699605
Mixture-LR (log_e),10601,0.29110461277238,0.5082345191040843
Mixture-LR (log_e),10651,0.2928363533940475,0.51366930171278
Mixture-LR (log_e),10701,0.29483225866741425,0.5195981554677207
Mixture-LR (log_e),10751,0.29699562831364523,0.5258563899868248
Mixture-LR (log_e),10801,0.29923155263401535,0.5322793148880105
Mixture-LR (log_e),10851,0.30089392682702054,0.5377140974967062
Mixture-LR (log_e),10901,0.3024493165764609,0.5429841897233202
Mixture-LR (log_e),10951,0.304447082458223,0.5490777338603425
Mixture-LR (log_e),11001,0.3068811926188528,0.5559947299077734
Mixture-LR (log_e),11051,0.30884082888426384,0.5620882740447958
Mixture-LR (log_e),11101,0.3103324024862625,0.5673583662714098
Mixture-LR (log_e),11151,0.3120796341135324,0.5731225296442688
Mixture-LR (log_e),11201,0.31354343362199805,0.5783926218708827
Mixture-LR (log_e),11251,0.3152608657008266,0.5841567852437418
Mixture-LR (log_e),11301,0.3174055393328024,0.5907444005270093
Mixture-LR (log_e),11351,0.31909082900185004,0.5965085638998683
Mixture-LR (log_e),11401,0.320147355495132,0.6011198945981555
Mixture-LR (log_e),11451,0.3217186271941315,0.6067193675889329
Mixture-LR (log_e),11501,0.3231023389270498,0.6119894598155468
Mixture-LR (log_e),11551,0.3248203618734309,0.6179183135704874
Mixture-LR (log_e),11601,0.3266959744849582,0.6241765480895916
Mixture-LR (log_e),11651,0.32786885245901637,0.6291172595520421
Mixture-LR (log_e),11701,0.3297154089394069,0.6353754940711462
Mixture-LR (log_e),11751,0.33146115224236233,0.6414690382081687
Mixture-LR (log_e),11801,0.33310736378273026,0.6473978919631094
Mixture-LR (log_e),11851,0.33457092228503926,0.6529973649538867
Mixture-LR (log_e),11901,0.3366943954289556,0.6599143610013175
Mixture-LR (log_e),11951,0.3379633503472513,0.6651844532279315
Mixture-LR (log_e),12001,0.3397216898591784,0.6714426877470355
Mixture-LR (log_e),12051,0.3414654385528172,0.6777009222661396
Mixture-LR (log_e),12101,0.34319477729113296,0.6839591567852438
Mixture-LR (log_e),12151,0.34507447946671055,0.6905467720685112
Mixture-LR (log_e),12201,0.34644701253995575,0.6961462450592886
Mixture-LR (log_e),12251,0.34772671618643375,0.7015810276679841
Mixture-LR (log_e),12301,0.3489960165840176,0.7070158102766798
Mixture-LR (log_e),12351,0.3502550400777265,0.7124505928853755
Mixture-LR (log_e),12401,0.3516651882912668,0.7182147562582345
Mixture-LR (log_e),12451,0.353304955425267,0.7244729907773386
Mixture-LR (log_e),12501,0.3548516118710503,0.730566534914361
Mixture-LR (log_e),12551,0.35614692056409847,0.7361660079051383
Mixture-LR (log_e),12601,0.35759066740734863,0.7420948616600791
Mixture-LR (log_e),12651,0.35918109240376256,0.7483530961791831
Mixture-LR (log_e),12701,0.3606802613967404,0.7544466403162056
Mixture-LR (log_e),12751,0.36248137400988156,0.7611989459815547
Mixture-LR (log_e),12801,0.36411217873603624,0.7676218708827405
Mixture-LR (log_e),12851,0.3650299587580733,0.772562582345191
Mixture-LR (log_e),12901,0.36640570498410974,0.7784914361001317
Mixture-LR (log_e),12951,0.3676164002779708,0.7840909090909091
Mixture-LR (log_e),13001,0.3693562033689716,0.7908432147562582
Mixture-LR (log_e),13051,0.37085280821392996,0.7971014492753623
Mixture-LR (log_e),13101,0.3719563392107473,0.802536231884058
Mixture-LR (log_e),13151,0.37335563835449775,0.8086297760210803
Mixture-LR (log_e),13201,0.3745928338762215,0.8143939393939394
Mixture-LR (log_e),13251,0.37597162478303525,0.8204874835309618
Mixture-LR (log_e),13301,0.3766634087662582,0.825098814229249
Mixture-LR (log_e),13351,0.3780990188000899,0.8313570487483531
Mixture-LR (log_e),13401,0.378852324453399,0.836133069828722
Mixture-LR (log_e),13451,0.3798974053973682,0.8415678524374176
Mixture-LR (log_e),13501,0.3809347455744019,0.8470026350461133
Mixture-LR (log_e),13551,0.3819644306693233,0.852437417654809
Mixture-LR (log_e),13601,0.3831335931181531,0.858201581027668
Mixture-LR (log_e),13651,0.3839279173686909,0.8631422924901185
Mixture-LR (log_e),13701,0.38493540617473176,0.8685770750988142
Mixture-LR (log_e),13751,0.38586284633844814,0.8738471673254282
Mixture-LR (log_e),13801,0.3870734004782262,0.8797760210803689
Mixture-LR (log_e),13851,0.38798642697278174,0.8850461133069829
Mixture-LR (log_e),13901,0.38910869721602764,0.8908102766798419
Mixture-LR (log_e),13951,0.3899362052899434,0.8959156785243741
Mixture-LR (log_e),14001,0.39082922648382257,0.9011857707509882
Mixture-LR (log_e),14051,0.3919294000427016,0.9069499341238472
Mixture-LR (log_e),14101,0.3925253528118573,0.9115612648221344
Mixture-LR (log_e),14151,0.3931170941982899,0.9161725955204216
Mixture-LR (log_e),14201,0.39405675656643896,0.9216073781291173
Mixture-LR (log_e),14251,0.3949196547610694,0.9268774703557312
Mixture-LR (log_e),14301,0.3955667435843647,0.9316534914361001
Mixture-LR (log_e),14351,0.3959305971709289,0.9357707509881423
Mixture-LR (log_e),14401,0.3969168807721686,0.9413702239789197
Mixture-LR (log_e),14451,0.39789633935367796,0.946969696969697
Mixture-LR (log_e),14501,0.3987311219915868,0.9522397891963109
Mixture-LR (log_e),14551,0.3994227200879665,0.9571805006587615
Mixture-LR (log_e),14601,0.39997260461612216,0.9617918313570487
Mixture-LR (log_e),14651,0.400382226469183,0.9660737812911726
Mixture-LR (log_e),14701,0.4008570845520713,0.9705204216073782
Mixture-LR (log_e),14751,0.40119313944817303,0.9746376811594203
Mixture-LR (log_e),14801,0.401189108843997,0.9779314888010541
Mixture-LR (log_e),14851,0.4011851053801091,0.9812252964426877
Mixture-LR (log_e),14901,0.4015837863230656,0.9855072463768116
Mixture-LR (log_e),14951,0.4014447194167614,0.988471673254282
Mixture-LR (log_e),15001,0.40150656622891806,0.9919301712779973
Mixture-LR (log_e),15051,0.4011693575177729,0.9944005270092227
Mixture-LR (log_e),15101,0.4009006026090987,0.9970355731225297
Mixture-LR (log_e),15151,0.4005016170549799,0.9993412384716732
Mixture-LR (log_e),15201,0.39931583448457336,0.9996706192358367
Mixture-LR (log_e),15251,0.39813782702773587,1.0
Mixture-LR (log_e),15301,0.3968368080517613,1.0
Mixture-LR (log_e),15351,0.3955442642173148,1.0
Mixture-LR (log_e),15401,0.39426011297967667,1.0
Mixture-LR (log_e),15451,0.3929842728625979,1.0
Mixture-LR (log_e),15501,0.3917166634410683,1.0
Mixture-LR (log_e),15551,0.3904572053244164,1.0
Mixture-LR (log_e),15601,0.38920582013973465,1.0
Mixture-LR (log_e),15651,0.387962430515622,1.0
Mixture-LR (log_e),15701,0.3867269600662378,1.0
Cohesion baseline (log_e),1,0.0,0.0
Cohesion baseline (log_e),51,0.0,0.0
Cohesion baseline (log_e),101,0.0,0.0
Cohesion baseline (log_e),151,0.0,0.0
Cohesion baseline (log_e),201,0.0,0.0
Cohesion baseline (log_e),251,0.0,0.0
Cohesion baseline (log_e),301,0.0,0.0
Cohesion baseline (log_e),351,0.0,0.0
Cohesion baseline (log_e),401,0.0,0.0
Cohesion baseline (log_e),451,0.0,0.0
Cohesion baseline (log_e),501,0.0,0.0
Cohesion baseline (log_e),551,0.0,0.0
Cohesion baseline (log_e),601,0.0,0.0
Cohesion baseline (log_e),651,0.0,0.0
Cohesion baseline (log_e),701,0.0,0.0
Cohesion baseline (log_e),751,0.0,0.0
Cohesion baseline (log_e),801,0.0,0.0
Cohesion baseline (log_e),851,0.0,0.0
Cohesion baseline (log_e),901,0.0,0.0
Cohesion baseline (log_e),951,0.0,0.0
Cohesion baseline (log_e),1001,0.0,0.0
Cohesion baseline (log_e),1051,0.0,0.0
Cohesion baseline (log_e),1101,0.0,0.0
Cohesion baseline (log_e),1151,0.0,0.0
Cohesion baseline (log_e),1201,0.0,0.0
Cohesion baseline (log_e),1251,0.0,0.0
Cohesion baseline (log_e),1301,0.0,0.0
Cohesion baseline (log_e),1351,0.0,0.0
Cohesion baseline (log_e),1401,0.0,0.0
Cohesion baseline (log_e),1451,0.0,0.0
Cohesion baseline (log_e),1501,0.0,0.0
Cohesion baseline (log_e),1551,0.0,0.0
Cohesion baseline (log_e),1601,0.0,0.0
Cohesion baseline (log_e),1651,0.0,0.0
Cohesion baseline (log_e),1701,0.0,0.0
Cohesion baseline (log_e),1751,0.0,0.0
Cohesion baseline (log_e),1801,0.0,0.0
Cohesion baseline (log_e),1851,0.0,0.0
Cohesion baseline (log_e),1901,0.0,0.0
Cohesion baseline (log_e),1951,0.0,0.0
Cohesion baseline (log_e),2001,0.0,0.0
Cohesion baseline (log_e),2051,0.0,0.0
Cohesion baseline (log_e),2101,0.0,0.0
Cohesion baseline (log_e),2151,0.0,0.0
Cohesion baseline (log_e),2201,0.0,0.0
Cohesion baseline (log_e),2251,0.0,0.0
Cohesion baseline (log_e),2301,0.0,0.0
Cohesion baseline (log_e),2351,0.0,0.0
Cohesion baseline (log_e),2401,0.0,0.0
Cohesion baseline (log_e),2451,0.0,0.0
Cohesion baseline (log_e),2501,0.0,0.0
Cohesion baseline (log_e),2551,0.0,0.0
Cohesion baseline (log_e),2601,0.0,0.0
Cohesion baseline (log_e),2651,0.0,0.0
Cohesion baseline (log_e),2701,0.0,0.0
Cohesion baseline (log_e),2751,0.0,0.0
Cohesion baseline (log_e),2801,0.0,0.0
Cohesion baseline (log_e),2851,0.0,0.0
Cohesion baseline (log_e),2901,0.0,0.0
Cohesion baseline (log_e),2951,0.0,0.0
Cohesion baseline (log_e),3001,0.0,0.0
Cohesion baseline (log_e),3051,0.0,0.0
Cohesion baseline (log_e),3101,0.0,0.0
Cohesion baseline (log_e),3151,0.0,0.0
Cohesion baseline (log_e),3201,0.0,0.0
Cohesion baseline (log_e),3251,0.0,0.0
Cohesion baseline (log_e),3301,0.0,0.0
Cohesion baseline (log_e),3351,0.0,0.0
Cohesion baseline (log_e),3401,0.0,0.0
Cohesion baseline (log_e),3451,0.0,0.0
Cohesion baseline (log_e),3501,0.0,0.0
Cohesion baseline (log_e),3551,0.0,0.0
Cohesion baseline (log_e),3601,0.0,0.0
Cohesion baseline (log_e),3651,0.0,0.0
Cohesion baseline (log_e),3701,0.0,0.0
Cohesion baseline (log_e),3751,0.0,0.0
Cohesion baseline (log_e),3801,0.0,0.0
Cohesion baseline (log_e),3851,0.0,0.0
Cohesion baseline (log_e),3901,0.0,0.0
Cohesion baseline (log_e),3951,0.0,0.0
Cohesion baseline (log_e),4001,0.0,0.0
Cohesion baseline (log_e),4051,0.0,0.0
Cohesion baseline (log_e),4101,0.0,0.0
Cohesion baseline (log_e),4151,0.0,0.0
Cohesion baseline (log_e),4201,0.0,0.0
Cohesion baseline (log_e),4251,0.0,0.0
Cohesion baseline (log_e),4301,0.0,0.0
Cohesion baseline (log_e),4351,0.0,0.0
Cohesion baseline (log_e),4401,0.0,0.0
Cohesion baseline (log_e),4451,0.0,0.0
Cohesion baseline (log_e),4501,0.0,0.0
Cohesion baseline (log_e),4551,0.0,0.0
Cohesion baseline (log_e),4601,0.0,0.0
Cohesion baseline (log_e),4651,0.0,0.0
Cohesion baseline (log_e),4701,0.0,0.0
Cohesion baseline (log_e),4751,0.00021048200378867606,0.00016469038208168644
Cohesion baseline (log_e),4801,0.00020828993959591752,0.00016469038208168644
Cohesion baseline (log_e),4851,0.00020614306328592042,0.00016469038208168644
Cohesion baseline (log_e),4901,0.00020403999183840033,0.00016469038208168644
Cohesion baseline (log_e),4951,0.00020197939810139365,0.00016469038208168644
Cohesion baseline (log_e),5001,0.0003999200159968006,0.00032938076416337287
Cohesion baseline (log_e),5051,0.0003959611958028113,0.00032938076416337287
Cohesion baseline (log_e),5101,0.00039207998431680063,0.00032938076416337287
Cohesion baseline (log_e),5151,0.00038827412152980003,0.00032938076416337287
Cohesion baseline (log_e),5201,0.0005768121515093252,0.0004940711462450593
Cohesion baseline (log_e),5251,0.0005713197486193106,0.0004940711462450593
Cohesion baseline (log_e),5301,0.0005659309564233164,0.0004940711462450593
Cohesion baseline (log_e),5351,0.0005606428704914969,0.0004940711462450593
Cohesion baseline (log_e),5401,0.0007406035919274209,0.0006587615283267457
Cohesion baseline (log_e),5451,0.00091726288754357,0.0008234519104084321
Cohesion baseline (log_e),5501,0.0010907107798582077,0.0009881422924901185
Cohesion baseline (log_e),5551,0.0010808863267879661,0.0009881422924901185
Cohesion baseline (log_e),5601,0.0010712372790573112,0.0009881422924901185
Cohesion baseline (log_e),5651,0.0012387188108299416,0.001152832674571805
Cohesion baseline (log_e),5701,0.0012278547623223997,0.001152832674571805
Cohesion baseline (log_e),5751,0.0012171796209354895,0.001152832674571805
Cohesion baseline (log_e),5801,0.0013790725736941907,0.0013175230566534915
Cohesion baseline (log_e),5851,0.0015381985985301657,0.0014822134387351778
Cohesion baseline (log_e),5901,0.002372479240806643,0.00230566534914361
Cohesion baseline (log_e),5951,0.0026886237607124854,0.002635046113306983
Cohesion baseline (log_e),6001,0.002666222296283953,0.002635046113306983
Cohesion baseline (log_e),6051,0.0034705007436787306,0.003458498023715415
Cohesion baseline (log_e),6101,0.0037698737911817733,0.003787878787878788
Cohesion baseline (log_e),6151,0.004064379775646236,0.004117259552042161
Cohesion baseline (log_e),6201,0.004676665054023544,0.004776021080368906
Cohesion baseline (log_e),6251,0.0051191809310510315,0.005270092226613966
Cohesion baseline (log_e),6301,0.005395968893826377,0.005599472990777339
Cohesion baseline (log_e),6351,0.005353487639741773,0.005599472990777339
Cohesion baseline (log_e),6401,0.005780346820809248,0.006093544137022398
Cohesion baseline (log_e),6451,0.0058905596031623006,0.006258234519104084
Cohesion baseline (log_e),6501,0.00676818950930626,0.007246376811594203
Cohesion baseline (log_e),6551,0.007937719432147763,0.008563899868247694
Cohesion baseline (log_e),6601,0.008483563096500531,0.00922266139657444
Cohesion baseline (log_e),6651,0.00917155314990227,0.010046113306982872
Cohesion baseline (log_e),6701,0.009550813311446053,0.010540184453227932
Cohesion baseline (log_e),6751,0.010813212857354466,0.01202239789196311
Cohesion baseline (log_e),6801,0.01132186443170122,0.012681159420289856
Cohesion baseline (log_e),6851,0.01196905561231937,0.013504611330698288
Cohesion baseline (log_e),6901,0.013331401246196204,0.015151515151515152
Cohesion baseline (log_e),6951,0.014818011796863761,0.016963109354413704
Cohesion baseline (log_e),7001,0.01571204113698043,0.018115942028985508
Cohesion baseline (log_e),7051,0.017444334137001843,0.020256916996047432
Cohesion baseline (log_e),7101,0.018729756372341925,0.021903820816864296
Cohesion baseline (log_e),7151,0.019437840861417983,0.022891963109354412
Cohesion baseline (log_e),7201,0.020969309818080824,0.024868247694334652
Cohesion baseline (log_e),7251,0.021928009929664875,0.026185770750988144
Cohesion baseline (log_e),7301,0.024106286810026023,0.028985507246376812
Cohesion baseline (log_e),7351,0.025710787647939055,0.031126482213438736
Cohesion baseline (log_e),7401,0.027158492095662748,0.033102766798418976
Cohesion baseline (log_e),7451,0.028720977050060395,0.035243741765480896
Cohesion baseline (log_e),7501,0.03119584055459272,0.038537549407114624
Cohesion baseline (log_e),7551,0.033108197589723214,0.04117259552042161
Cohesion baseline (log_e),7601,0.035784765162478624,0.04479578392621871
Cohesion baseline (log_e),7651,0.03738073454450399,0.04710144927536232
Cohesion baseline (log_e),7701,0.04038436566679652,0.05121870882740448
Cohesion baseline (log_e),7751,0.04218810476067604,0.053853754940711464
Cohesion baseline (log_e),7801,0.04460966542750929,0.05731225296442688
Cohesion baseline (log_e),7851,0.046873009807667815,0.06060606060606061
Cohesion baseline (log_e),7901,0.049360840399949375,0.06422924901185771
Cohesion baseline (log_e),7951,0.05181738146145139,0.06785243741765482
Cohesion baseline (log_e),8001,0.05386826646669166,0.07098155467720685
Cohesion baseline (log_e),8051,0.05651471866848839,0.07493412384716733
Cohesion baseline (log_e),8101,0.05949882730527095,0.07938076416337286
Cohesion baseline (log_e),8151,0.0620782726045884,0.08333333333333333
Cohesion baseline (log_e),8201,0.06462626508962321,0.08728590250329381
Cohesion baseline (log_e),8251,0.06726457399103139,0.09140316205533597
Cohesion baseline (log_e),8301,0.06999156728105048,0.09568511198945981
Cohesion baseline (log_e),8351,0.07304514429409652,0.10046113306982872
Cohesion baseline (log_e),8401,0.07570527318176408,0.10474308300395258
Cohesion baseline (log_e),8451,0.078452254171104,0.1091897233201581
Cohesion baseline (log_e),8501,0.08151982119750617,0.11413043478260869
Cohesion baseline (log_e),8551,0.08396678751023272,0.11824769433465086
Cohesion baseline (log_e),8601,0.08696663178700151,0.12318840579710146
Cohesion baseline (log_e),8651,0.08993179979193157,0.12812911725955203
Cohesion baseline (log_e),8701,0.09320767727847373,0.13356389986824768
Cohesion baseline (log_e),8751,0.0961033024797166,0.13850461133069827
Cohesion baseline (log_e),8801,0.09907965003976821,0.14361001317523056
Cohesion baseline (log_e),8851,0.10179640718562874,0.14838603425559949
Cohesion baseline (log_e),8901,0.10493203010897652,0.15382081686429513
Cohesion baseline (log_e),8951,0.10758574460954083,0.15859683794466403
Cohesion baseline (log_e),9001,0.11020997666925897,0.16337285902503293
Cohesion baseline (log_e),9051,0.11258424483482488,0.16781949934123847
Cohesion baseline (log_e),9101,0.11526205911438303,0.17276021080368906
Cohesion baseline (log_e),9151,0.11780133318762977,0.17753623188405798
Cohesion baseline (log_e),9201,0.1200956417780676,0.18198287220026352
Cohesion baseline (log_e),9251,0.12301372824559507,0.18741765480895917
Cohesion baseline (log_e),9301,0.1261154714546823,0.19318181818181818
Cohesion baseline (log_e),9351,0.12939792535557695,0.19927536231884058
Cohesion baseline (log_e),9401,0.1324327199234124,0.20503952569169961
Cohesion baseline (log_e),9451,0.1353295947518781,0.21063899868247693
Cohesion baseline (log_e),9501,0.138090727291864,0.2160737812911726
Cohesion baseline (log_e),9551,0.1407182493979688,0.22134387351778656
Cohesion baseline (log_e),9601,0.1447765857723154,0.22891963109354413
Cohesion baseline (log_e),9651,0.1476530929437364,0.23468379446640317
Cohesion baseline (log_e),9701,0.14988145552004947,0.23945981554677206
Cohesion baseline (log_e),9751,0.15300994769767204,0.24571805006587616
Cohesion baseline (log_e),9801,0.15600448933782268,0.25181159420289856
Cohesion baseline (log_e),9851,0.1589686326261293,0.25790513833992096
Cohesion baseline (log_e),9901,0.1621048378951621,0.2643280632411067
Cohesion baseline (log_e),9951,0.16480755702944427,0.27009222661396576
Cohesion baseline (log_e),10001,0.16768323167683233,0.27618577075098816
Cohesion baseline (log_e),10051,0.1708287732563924,0.2827733860342556
Cohesion baseline (log_e),10101,0.17384417384417383,0.28919631093544135
Cohesion baseline (log_e),10151,0.17633730666929368,0.2947957839262187
Cohesion baseline (log_e),10201,0.17919811783158515,0.3010540184453228
Cohesion baseline (log_e),10251,0.18183591844698077,0.3069828722002635
Cohesion baseline (log_e),10301,0.18493350160178623,0.31373517786561267
Cohesion baseline (log_e),10351,0.18809776833156217,0.32065217391304346
Cohesion baseline (log_e),10401,0.19123161234496683,0.3275691699604743
Cohesion baseline (log_e),10451,0.1942397856664434,0.3343214756258234
Cohesion baseline (log_e),10501,0.19664793829159127,0.3400856389986825
Cohesion baseline (log_e),10551,0.19960193346602217,0.3468379446640316
Cohesion baseline (log_e),10601,0.2021507404961796,0.352931488801054
Cohesion baseline (log_e),10651,0.20505116890432823,0.35968379446640314
Cohesion baseline (log_e),10701,0.20755069619661715,0.36577733860342554
Cohesion baseline (log_e),10751,0.20974793042507675,0.3713768115942029
Cohesion baseline (log_e),10801,0.2121099898157578,0.3773056653491436
Cohesion baseline (log_e),10851,0.2148189106994747,0.38389328063241107
Cohesion baseline (log_e),10901,0.2171360425649023,0.3898221343873518
Cohesion baseline (log_e),10951,0.21961464706419506,0.39608036890645587
Cohesion baseline (log_e),11001,0.22188891918916462,0.40200922266139655
Cohesion baseline (log_e),11051,0.22441408017373993,0.40843214756258234
Cohesion baseline (log_e),11101,0.22655616611116117,0.41419631093544135
Cohesion baseline (log_e),11151,0.22930678862882253,0.4211133069828722
Cohesion baseline (log_e),11201,0.23185429872332827,0.42770092226613965
Cohesion baseline (log_e),11251,0.23402364234290285,0.4336297760210804
Cohesion baseline (log_e),11301,0.23661622865233164,0.4403820816864295
Cohesion baseline (log_e),11351,0.23936217073385604,0.447463768115942
Cohesion baseline (log_e),11401,0.2419963161126217,0.45438076416337286
Cohesion baseline (log_e),11451,0.24452012924635402,0.461133069828722
Cohesion baseline (log_e),11501,0.2472828449700026,0.4683794466403162
Cohesion baseline (log_e),11551,0.2501082157388971,0.47579051383399207
Cohesion baseline (log_e),11601,0.2524782346349453,0.4823781291172596
Cohesion baseline (log_e),11651,0.2548279117672303,0.48896574440052704
Cohesion baseline (log_e),11701,0.25707204512434834,0.49538866930171277
Cohesion baseline (log_e),11751,0.2597225768019743,0.502635046113307
Cohesion baseline (log_e),11801,0.26226590966867214,0.5097167325428195
Cohesion baseline (log_e),11851,0.2644502573622479,0.5161396574440053
Cohesion baseline (log_e),11901,0.26678430384001345,0.5228919631093544
Cohesion baseline (log_e),11951,0.2690988201824115,0.5296442687747036
Cohesion baseline (log_e),12001,0.271394050495792,0.5363965744400527
Cohesion baseline (log_e),12051,0.27350427350427353,0.5428194993412385
Cohesion baseline (log_e),12101,0.27576233369143044,0.5495718050065876
Cohesion baseline (log_e),12151,0.2776726195374866,0.55566534914361
Cohesion baseline (log_e),12201,0.2800590115564298,0.5627470355731226
Cohesion baseline (log_e),12251,0.2822626724349033,0.5694993412384717
Cohesion baseline (log_e),12301,0.2841232420128445,0.575592885375494
Cohesion baseline (log_e),12351,0.2860497125738807,0.5818511198945981
Cohesion baseline (log_e),12401,0.2881219256511572,0.5884387351778656
Cohesion baseline (log_e),12451,0.29009718094932135,0.5948616600790514
Cohesion baseline (log_e),12501,0.29229661627069836,0.6017786561264822
Cohesion baseline (log_e),12551,0.2940004780495578,0.607707509881423
Cohesion baseline (log_e),12601,0.2956908181890326,0.6136363636363636
Cohesion baseline (log_e),12651,0.29776302268595367,0.6203886693017128
Cohesion baseline (log_e),12701,0.29997637981261316,0.6274703557312253
Cohesion baseline (log_e),12751,0.30170182730766215,0.6335638998682477
Cohesion baseline (log_e),12801,0.30380439028200923,0.6404808959156785
Cohesion baseline (log_e),12851,0.30596840712784995,0.647562582345191
Cohesion baseline (log_e),12901,0.3078831098364468,0.6541501976284585
Cohesion baseline (log_e),12951,0.3097830283375801,0.660737812911726
Cohesion baseline (log_e),13001,0.31159141604491963,0.6671607378129117
Cohesion baseline (log_e),13051,0.31361581488008583,0.6740777338603425
Cohesion baseline (log_e),13101,0.31554843141744904,0.6808300395256917
Cohesion baseline (log_e),13151,0.3174663523686412,0.6875823451910409
Cohesion baseline (log_e),13201,0.3190667373683812,0.6936758893280632
Cohesion baseline (log_e),13251,0.3208059769074032,0.700098814229249
Cohesion baseline (log_e),13301,0.3227576873919254,0.7070158102766798
Cohesion baseline (log_e),13351,0.32439517639128157,0.7132740447957839
Cohesion baseline (log_e),13401,0.3264681740168644,0.7205204216073782
Cohesion baseline (log_e),13451,0.32837707233662927,0.727437417654809
Cohesion baseline (log_e),13501,0.3301977631286571,0.7341897233201581
Cohesion baseline (log_e),13551,0.33207881337170686,0.741106719367589
Cohesion baseline (log_e),13601,0.3340195573854864,0.7481884057971014
Cohesion baseline (log_e),13651,0.33579957512270164,0.7549407114624506
Cohesion baseline (log_e),13701,0.3376395883512152,0.7618577075098815
Cohesion baseline (log_e),13751,0.33924805468693187,0.7682806324110671
Cohesion baseline (log_e),13801,0.3404101152090428,0.7737154150197628
Cohesion baseline (log_e),13851,0.3419969677279619,0.7801383399209486
Cohesion baseline (log_e),13901,0.3438601539457593,0.7872200263504612
Cohesion baseline (log_e),13951,0.34556662604831195,0.7939723320158103
Cohesion baseline (log_e),14001,0.3473323334047568,0.8008893280632411
Cohesion baseline (log_e),14051,0.34894313571987756,0.8074769433465085
Cohesion baseline (log_e),14101,0.3508970994964896,0.8148880105401844
Cohesion baseline (log_e),14151,0.3524132570136386,0.8213109354413702
Cohesion baseline (log_e),14201,0.35370748538835295,0.8272397891963109
Cohesion baseline (log_e),14251,0.3555539962107922,0.8344861660079052
Cohesion baseline (log_e),14301,0.35724774491294314,0.8414031620553359
Cohesion baseline (log_e),14351,0.3587903282001254,0.8479907773386034
Cohesion baseline (log_e),14401,0.36032219984723285,0.8545783926218709
Cohesion baseline (log_e),14451,0.3619126704034323,0.86133069828722
Cohesion baseline (log_e),14501,0.3633542514309358,0.8677536231884058
Cohesion baseline (log_e),14551,0.3647172015669026,0.8740118577075099
Cohesion baseline (log_e),14601,0.36607081706732414,0.880270092226614
Cohesion baseline (log_e),14651,0.3673469387755102,0.8863636363636364
Cohesion baseline (log_e),14701,0.3688864703081423,0.8931159420289855
Cohesion baseline (log_e),14751,0.3700766049759338,0.8990447957839263
Cohesion baseline (log_e),14801,0.3713938247415715,0.9053030303030303
Cohesion baseline (log_e),14851,0.3727021749377146,0.9115612648221344
Cohesion baseline (log_e),14901,0.3741359640292598,0.9181488801054019
Cohesion baseline (log_e),14951,0.37556016319978597,0.9247364953886693
Cohesion baseline (log_e),15001,0.37664155722951803,0.9305006587615283
Cohesion baseline (log_e),15051,0.37764932562620424,0.9361001317523057
Cohesion baseline (log_e),15101,0.3788490828421959,0.942193675889328
Cohesion baseline (log_e),15151,0.37957890568279323,0.9471343873517787
Cohesion baseline (log_e),15201,0.3805012828103414,0.9525691699604744
Cohesion baseline (log_e),15251,0.38181102878499773,0.95899209486166
Cohesion baseline (log_e),15301,0.3829815044768316,0.9650856389986825
Cohesion baseline (log_e),15351,0.3842094977525894,0.9713438735177866
Cohesion baseline (log_e),15401,0.38484513992597885,0.9761198945981555
Cohesion baseline (log_e),15451,0.3852825059866675,0.9804018445322793
Cohesion baseline (log_e),15501,0.3853944906780208,0.9838603425559947
Cohesion baseline (log_e),15551,0.3860201916275481,0.9886363636363636
Cohesion baseline (log_e),15601,0.3861931927440549,0.9922595520421608
Cohesion baseline (log_e),15651,0.3863650884927481,0.9958827404479579
Cohesion baseline (log_e),15701,0.38634481880135024,0.9990118577075099
Cohesion T_obs (raw),1,0.0,0.0
Cohesion T_obs (raw),51,0.0,0.0
Cohesion T_obs (raw),101,0.0,0.0
Cohesion T_obs (raw),151,0.0,0.0
Cohesion T_obs (raw),201,0.0,0.0
Cohesion T_obs (raw),251,0.0,0.0
Cohesion T_obs (raw),301,0.0,0.0
Cohesion T_obs (raw),351,0.0,0.0
Cohesion T_obs (raw),401,0.0,0.0
Cohesion T_obs (raw),451,0.0,0.0
Cohesion T_obs (raw),501,0.0,0.0
Cohesion T_obs (raw),551,0.0,0.0
Cohesion T_obs (raw),601,0.0,0.0
Cohesion T_obs (raw),651,0.0,0.0
Cohesion T_obs (raw),701,0.0,0.0
Cohesion T_obs (raw),751,0.0,0.0
Cohesion T_obs (raw),801,0.0,0.0
Cohesion T_obs (raw),851,0.0,0.0
Cohesion T_obs (raw),901,0.0,0.0
Cohesion T_obs (raw),951,0.0,0.0
Cohesion T_obs (raw),1001,0.0,0.0
Cohesion T_obs (raw),1051,0.0,0.0
Cohesion T_obs (raw),1101,0.0,0.0
Cohesion T_obs (raw),1151,0.0,0.0
Cohesion T_obs (raw),1201,0.0,0.0
Cohesion T_obs (raw),1251,0.0,0.0
Cohesion T_obs (raw),1301,0.0,0.0
Cohesion T_obs (raw),1351,0.0,0.0
Cohesion T_obs (raw),1401,0.0,0.0
Cohesion T_obs (raw),1451,0.0,0.0
Cohesion T_obs (raw),1501,0.0,0.0
Cohesion T_obs (raw),1551,0.0,0.0
Cohesion T_obs (raw),1601,0.0,0.0
Cohesion T_obs (raw),1651,0.0,0.0
Cohesion T_obs (raw),1701,0.0,0.0
Cohesion T_obs (raw),1751,0.0,0.0
Cohesion T_obs (raw),1801,0.0,0.0
Cohesion T_obs (raw),1851,0.0,0.0
Cohesion T_obs (raw),1901,0.0,0.0
Cohesion T_obs (raw),1951,0.0,0.0
Cohesion T_obs (raw),2001,0.0,0.0
Cohesion T_obs (raw),2051,0.0,0.0
Cohesion T_obs (raw),2101,0.0,0.0
Cohesion T_obs (raw),2151,0.0,0.0
Cohesion T_obs (raw),2201,0.0,0.0
Cohesion T_obs (raw),2251,0.0,0.0
Cohesion T_obs (raw),2301,0.0,0.0
Cohesion T_obs (raw),2351,0.0,0.0
Cohesion T_obs (raw),2401,0.0,0.0
Cohesion T_obs (raw),2451,0.0,0.0
Cohesion T_obs (raw),2501,0.0,0.0
Cohesion T_obs (raw),2551,0.0,0.0
Cohesion T_obs (raw),2601,0.0,0.0
Cohesion T_obs (raw),2651,0.0,0.0
Cohesion T_obs (raw),2701,0.0,0.0
Cohesion T_obs (raw),2751,0.0,0.0
Cohesion T_obs (raw),2801,0.0,0.0
Cohesion T_obs (raw),2851,0.0,0.0
Cohesion T_obs (raw),2901,0.0,0.0
Cohesion T_obs (raw),2951,0.0,0.0
Cohesion T_obs (raw),3001,0.0,0.0
Cohesion T_obs (raw),3051,0.0,0.0
Cohesion T_obs (raw),3101,0.0,0.0
Cohesion T_obs (raw),3151,0.0,0.0
Cohesion T_obs (raw),3201,0.0,0.0
Cohesion T_obs (raw),3251,0.0,0.0
Cohesion T_obs (raw),3301,0.0,0.0
Cohesion T_obs (raw),3351,0.0,0.0
Cohesion T_obs (raw),3401,0.0,0.0
Cohesion T_obs (raw),3451,0.0,0.0
Cohesion T_obs (raw),3501,0.0,0.0
Cohesion T_obs (raw),3551,0.0,0.0
Cohesion T_obs (raw),3601,0.0,0.0
Cohesion T_obs (raw),3651,0.0,0.0
Cohesion T_obs (raw),3701,0.0,0.0
Cohesion T_obs (raw),3751,0.0,0.0
Cohesion T_obs (raw),3801,0.0,0.0
Cohesion T_obs (raw),3851,0.0,0.0
Cohesion T_obs (raw),3901,0.0,0.0
Cohesion T_obs (raw),3951,0.0,0.0
Cohesion T_obs (raw),4001,0.0,0.0
Cohesion T_obs (raw),4051,0.0,0.0
Cohesion T_obs (raw),4101,0.0,0.0
Cohesion T_obs (raw),4151,0.0,0.0
Cohesion T_obs (raw),4201,0.0,0.0
Cohesion T_obs (raw),4251,0.0,0.0
Cohesion T_obs (raw),4301,0.0,0.0
Cohesion T_obs (raw),4351,0.0,0.0
Cohesion T_obs (raw),4401,0.0,0.0
Cohesion T_obs (raw),4451,0.0,0.0
Cohesion T_obs (raw),4501,0.0,0.0
Cohesion T_obs (raw),4551,0.0,0.0
Cohesion T_obs (raw),4601,0.0,0.0
Cohesion T_obs (raw),4651,0.0,0.0
Cohesion T_obs (raw),4701,0.0,0.0
Cohesion T_obs (raw),4751,0.0,0.0
Cohesion T_obs (raw),4801,0.0,0.0
Cohesion T_obs (raw),4851,0.0,0.0
Cohesion T_obs (raw),4901,0.0,0.0
Cohesion T_obs (raw),4951,0.0,0.0
Cohesion T_obs (raw),5001,0.0,0.0
Cohesion T_obs (raw),5051,0.0,0.0
Cohesion T_obs (raw),5101,0.0,0.0
Cohesion T_obs (raw),5151,0.0,0.0
Cohesion T_obs (raw),5201,0.0,0.0
Cohesion T_obs (raw),5251,0.0,0.0
Cohesion T_obs (raw),5301,0.0,0.0
Cohesion T_obs (raw),5351,0.0,0.0
Cohesion T_obs (raw),5401,0.0,0.0
Cohesion T_obs (raw),5451,0.0,0.0
Cohesion T_obs (raw),5501,0.0,0.0
Cohesion T_obs (raw),5551,0.0,0.0
Cohesion T_obs (raw),5601,0.0,0.0
Cohesion T_obs (raw),5651,0.0,0.0
Cohesion T_obs (raw),5701,0.0,0.0
Cohesion T_obs (raw),5751,0.0001738828029907842,0.00016469038208168644
Cohesion T_obs (raw),5801,0.00017238407171177384,0.00016469038208168644
Cohesion T_obs (raw),5851,0.0003418219107844813,0.00032938076416337287
Cohesion T_obs (raw),5901,0.0003389256058295204,0.00032938076416337287
Cohesion T_obs (raw),5951,0.000504116955133591,0.0004940711462450593
Cohesion T_obs (raw),6001,0.0006665555740709882,0.0006587615283267457
Cohesion T_obs (raw),6051,0.0009915716410510659,0.0009881422924901185
Cohesion T_obs (raw),6101,0.000983445336830028,0.0009881422924901185
Cohesion T_obs (raw),6151,0.0011380263371809462,0.001152832674571805
Cohesion T_obs (raw),6201,0.002257700370907918,0.00230566534914361
Cohesion T_obs (raw),6251,0.0035194368900975845,0.0036231884057971015
Cohesion T_obs (raw),6301,0.004443739089033487,0.00461133069828722
Cohesion T_obs (raw),6351,0.005825854196189577,0.006093544137022398
Cohesion T_obs (raw),6401,0.007030151538822059,0.007411067193675889
Cohesion T_obs (raw),6451,0.007905751046349403,0.008399209486166008
Cohesion T_obs (raw),6501,0.01045992924165513,0.011198945981554678
Cohesion T_obs (raw),6551,0.01297511830254923,0.013998682476943346
Cohesion T_obs (raw),6601,0.014846235418875928,0.016139657444005272
Cohesion T_obs (raw),6651,0.017290632987520673,0.01893939393939394
Cohesion T_obs (raw),6701,0.01954932099686614,0.021574440052700924
Cohesion T_obs (raw),6751,0.022070804325285142,0.024538866930171276
Cohesion T_obs (raw),6801,0.02367298926628437,0.026515151515151516
Cohesion T_obs (raw),6851,0.026127572617136184,0.029479578392621872
Cohesion T_obs (raw),6901,0.028836400521663526,0.0327733860342556
Cohesion T_obs (raw),6951,0.031937850668968495,0.036561264822134384
Cohesion T_obs (raw),7001,0.035423510927010425,0.04084321475625823
Cohesion T_obs (raw),7051,0.03971067933626436,0.0461133069828722
Cohesion T_obs (raw),7101,0.0423883960005633,0.049571805006587616
Cohesion T_obs (raw),7151,0.04614739197315061,0.05434782608695652
Cohesion T_obs (raw),7201,0.04957644771559506,0.058794466403162056
Cohesion T_obs (raw),7251,0.0526823886360502,0.06291172595520422
Cohesion T_obs (raw),7301,0.05697849609642515,0.06851119894598155
Cohesion T_obs (raw),7351,0.060672017412596924,0.07345191040843214
Cohesion T_obs (raw),7401,0.06404539927036887,0.07806324110671936
Cohesion T_obs (raw),7451,0.06764192725808617,0.08300395256916997
Cohesion T_obs (raw),7501,0.07105719237435008,0.08777997364953886
Cohesion T_obs (raw),7551,0.07495695934313336,0.09321475625823451
Cohesion T_obs (raw),7601,0.07880542033942903,0.09864953886693018
Cohesion T_obs (raw),7651,0.08221147562410143,0.10359025032938077
Cohesion T_obs (raw),7701,0.08609271523178808,0.1091897233201581
Cohesion T_obs (raw),7751,0.0896658495677977,0.11445981554677206
Cohesion T_obs (raw),7801,0.09332136905524932,0.11989459815546773
Cohesion T_obs (raw),7851,0.09756718889313463,0.1261528326745718
Cohesion T_obs (raw),7901,0.10099987343374256,0.13142292490118576
Cohesion T_obs (raw),7951,0.10451515532637404,0.1368577075098814
Cohesion T_obs (raw),8001,0.1078615173103362,0.1421277997364954
Cohesion T_obs (raw),8051,0.11042106570612346,0.14640974967061923
Cohesion T_obs (raw),8101,0.11418343414393285,0.15233860342555994
Cohesion T_obs (raw),8151,0.1176542755490124,0.15793807641633728
Cohesion T_obs (raw),8201,0.12132666747957566,0.16386693017127799
Cohesion T_obs (raw),8251,0.12386377408798933,0.16831357048748352
Cohesion T_obs (raw),8301,0.12769545837850863,0.17457180500658762
Cohesion T_obs (raw),8351,0.1313615135911867,0.18066534914361002
Cohesion T_obs (raw),8401,0.13474586358766813,0.18642951251646903
Cohesion T_obs (raw),8451,0.13809016684416045,0.19219367588932806
Cohesion T_obs (raw),8501,0.141042230325844,0.19746376811594202
Cohesion T_obs (raw),8551,0.14454449771956496,0.20355731225296442
Cohesion T_obs (raw),8601,0.14754098360655737,0.20899209486166007
Cohesion T_obs (raw),8651,0.15073401918853313,0.2147562582345191
Cohesion T_obs (raw),8701,0.15423514538558786,0.2210144927536232
Cohesion T_obs (raw),8751,0.1576962632841961,0.22727272727272727
Cohesion T_obs (raw),8801,0.1614589251221452,0.23402503293807642
Cohesion T_obs (raw),8851,0.16495311264263926,0.24044795783926218
Cohesion T_obs (raw),8901,0.1675092686215032,0.24555335968379446
Cohesion T_obs (raw),8951,0.17048374483297957,0.2513175230566535
Cohesion T_obs (raw),9001,0.17409176758137984,0.2580698287220026
Cohesion T_obs (raw),9051,0.17688653187493095,0.26366930171277997
Cohesion T_obs (raw),9101,0.17965058784748927,0.2692687747035573
Cohesion T_obs (raw),9151,0.1828215495574254,0.2755270092226614
Cohesion T_obs (raw),9201,0.1853059450059776,0.2807971014492754
Cohesion T_obs (raw),9251,0.188628256404713,0.28738471673254284
Cohesion T_obs (raw),9301,0.19180733254488766,0.2938076416337286
Cohesion T_obs (raw),9351,0.19484547107261255,0.3000658761528327
Cohesion T_obs (raw),9401,0.19774492075311137,0.3061594202898551
Cohesion T_obs (raw),9451,0.20019045603639826,0.3115942028985507
Cohesion T_obs (raw),9501,0.20282075570992528,0.31735836627140973
Cohesion T_obs (raw),9551,0.20605172233274002,0.3241106719367589
Cohesion T_obs (raw),9601,0.20831163420477034,0.32938076416337286
Cohesion T_obs (raw),9651,0.2111698269609367,0.33563899868247693
Cohesion T_obs (raw),9701,0.2132769817544583,0.3407444005270092
Cohesion T_obs (raw),9751,0.216182955594298,0.347167325428195
Cohesion T_obs (raw),9801,0.2193653708805224,0.3540843214756258
Cohesion T_obs (raw),9851,0.22210943051466855,0.3603425559947299
Cohesion T_obs (raw),9901,0.22472477527522472,0.3664361001317523
Cohesion T_obs (raw),9951,0.22711285297960004,0.37220026350461133
Cohesion T_obs (raw),10001,0.22917708229177083,0.3774703557312253
Cohesion T_obs (raw),10051,0.23211620734255298,0.38422266139657446
Cohesion T_obs (raw),10101,0.23443223443223443,0.38998682476943347
Cohesion T_obs (raw),10151,0.2369224706925426,0.39608036890645587
Cohesion T_obs (raw),10201,0.23948632487011076,0.40233860342555994
Cohesion T_obs (raw),10251,0.24212271973466004,0.4087615283267457
Cohesion T_obs (raw),10301,0.2446364430637802,0.4150197628458498
Cohesion T_obs (raw),10351,0.247319099603903,0.42160737812911725
Cohesion T_obs (raw),10401,0.24930295163926547,0.4270421607378129
Cohesion T_obs (raw),10451,0.2520332982489714,0.43379446640316205
Cohesion T_obs (raw),10501,0.25435672793067327,0.43988801054018445
Cohesion T_obs (raw),10551,0.2568476921618804,0.44631093544137024
Cohesion T_obs (raw),10601,0.25884350532968586,0.4519104084321476
Cohesion T_obs (raw),10651,0.2609144681250587,0.4576745718050066
Cohesion T_obs (raw),10701,0.2634333239884123,0.46426218708827405
Cohesion T_obs (raw),10751,0.26527764859082875,0.4696969696969697
Cohesion T_obs (raw),10801,0.26738264975465237,0.4756258234519104
Cohesion T_obs (raw),10851,0.26928393696433506,0.48122529644268774
Cohesion T_obs (raw),10901,0.27125951747546095,0.48698945981554675
Cohesion T_obs (raw),10951,0.2734910053876358,0.4932476943346509
Cohesion T_obs (raw),11001,0.27542950640850833,0.4990118577075099
Cohesion T_obs (raw),11051,0.27771242421500314,0.5054347826086957
Cohesion T_obs (raw),11101,0.28024502297090353,0.5123517786561265
Cohesion T_obs (raw),11151,0.2823065195946552,0.5184453227931489
Cohesion T_obs (raw),11201,0.2840817784126417,0.5240447957839263
Cohesion T_obs (raw),11251,0.2861079015198649,0.5301383399209486
Cohesion T_obs (raw),11301,0.2882045836651624,0.5363965744400527
Cohesion T_obs (raw),11351,0.29010659853757376,0.5423254281949934
Cohesion T_obs (raw),11401,0.2919042189281642,0.5480895915678524
Cohesion T_obs (raw),11451,0.2940354554187407,0.5545125164690382
Cohesion T_obs (raw),11501,0.295800365185636,0.5602766798418972
Cohesion T_obs (raw),11551,0.29789628603584106,0.566699604743083
Cohesion T_obs (raw),11601,0.30023273855702093,0.5736166007905138
Cohesion T_obs (raw),11651,0.30203416015792633,0.5795454545454546
Cohesion T_obs (raw),11701,0.3038201863088625,0.5854743083003953
Cohesion T_obs (raw),11751,0.30593141009275804,0.5920619235836627
Cohesion T_obs (raw),11801,0.3076010507584103,0.5978260869565217
Cohesion T_obs (raw),11851,0.3098472702725508,0.6047430830039525
Cohesion T_obs (raw),11901,0.3115704562641795,0.6106719367588933
Cohesion T_obs (raw),11951,0.31319554848966613,0.6164361001317523
Cohesion T_obs (raw),12001,0.3149737521873177,0.6225296442687747
Cohesion T_obs (raw),12051,0.3168201808978508,0.6287878787878788
Cohesion T_obs (raw),12101,0.3184034377324188,0.6345520421607378
Cohesion T_obs (raw),12151,0.3198090692124105,0.6399868247694335
Cohesion T_obs (raw),12201,0.32144906155233177,0.6459156785243741
Cohesion T_obs (raw),12251,0.3227491633336054,0.6511857707509882
Cohesion T_obs (raw),12301,0.3243638728558654,0.6571146245059288
Cohesion T_obs (raw),12351,0.32628936928183955,0.6637022397891963
Cohesion T_obs (raw),12401,0.32811870010483024,0.6701251646903821
Cohesion T_obs (raw),12451,0.32985302385350573,0.6763833992094862
Cohesion T_obs (raw),12501,0.3315734741220702,0.6826416337285902
Cohesion T_obs (raw),12551,0.33304119193689746,0.6884057971014492
Cohesion T_obs (raw),12601,0.3344179033410047,0.6940052700922266
Cohesion T_obs (raw),12651,0.33657418385898347,0.7012516469038208
Cohesion T_obs (raw),12701,0.33824108337926145,0.7075098814229249
Cohesion T_obs (raw),12751,0.3401301858677751,0.714262187088274
Cohesion T_obs (raw),12801,0.34169205530817903,0.7203557312252964
Cohesion T_obs (raw),12851,0.3430083262002957,0.7259552042160737
Cohesion T_obs (raw),12901,0.3445469343461747,0.7320487483530962
Cohesion T_obs (raw),12951,0.34622809049494246,0.738471673254282
Cohesion T_obs (raw),13001,0.3476655641873702,0.7444005270092227
Cohesion T_obs (raw),13051,0.3493985135238679,0.7509881422924901
Cohesion T_obs (raw),13101,0.3510419051980765,0.7574110671936759
Cohesion T_obs (raw),13151,0.3526728005474869,0.7638339920948617
Cohesion T_obs (raw),13201,0.3540640860540868,0.7697628458498024
Cohesion T_obs (raw),13251,0.3555958040902573,0.7760210803689065
Cohesion T_obs (raw),13301,0.3568904593639576,0.7817852437417655
Cohesion T_obs (raw),13351,0.35832521908471276,0.7878787878787878
Cohesion T_obs (raw),13401,0.35915230206700993,0.7926548089591567
Cohesion T_obs (raw),13451,0.36027061185042003,0.7980895915678524
Cohesion T_obs (raw),13501,0.3616028442337605,0.8040184453227931
Cohesion T_obs (raw),13551,0.3631466312449266,0.8104413702239789
Cohesion T_obs (raw),13601,0.36409087567090653,0.8155467720685112
Cohesion T_obs (raw),13651,0.36502820306204675,0.8206521739130435
Cohesion T_obs (raw),13701,0.3659586891467776,0.8257575757575758
Cohesion T_obs (raw),13751,0.36702785251981673,0.8311923583662714
Cohesion T_obs (raw),13801,0.3681617274110572,0.8367918313570487
Cohesion T_obs (raw),13851,0.36914302216446465,0.8420619235836627
Cohesion T_obs (raw),13901,0.3704769441047407,0.8481554677206851
Cohesion T_obs (raw),13951,0.37137122786897,0.8532608695652174
Cohesion T_obs (raw),14001,0.3725448182272695,0.8590250329380764
Cohesion T_obs (raw),14051,0.37314070172941427,0.863471673254282
Cohesion T_obs (raw),14101,0.3743706120133324,0.8694005270092227
Cohesion T_obs (raw),14151,0.3752384990460038,0.8745059288537549
Cohesion T_obs (raw),14201,0.37624110978100134,0.8799407114624506
Cohesion T_obs (raw),14251,0.377306855659252,0.8855401844532279
Cohesion T_obs (raw),14301,0.3781553737500874,0.8906455862977603
Cohesion T_obs (raw),14351,0.3787889345690196,0.8952569169960475
Cohesion T_obs (raw),14401,0.379279216721061,0.8995388669301713
Cohesion T_obs (raw),14451,0.38045809978548195,0.9054677206851119
Cohesion T_obs (raw),14501,0.3811461278532515,0.9102437417654808
Cohesion T_obs (raw),14551,0.3818294275307539,0.9150197628458498
Cohesion T_obs (raw),14601,0.38271351277309773,0.9202898550724637
Cohesion T_obs (raw),14651,0.38311378062930856,0.924407114624506
Cohesion T_obs (raw),14701,0.3839194612611387,0.9295125164690382
Cohesion T_obs (raw),14751,0.38478747203579416,0.9347826086956522
Cohesion T_obs (raw),14801,0.38531180325653674,0.9392292490118577
Cohesion T_obs (raw),14851,0.3863039525957848,0.944828722002635
Cohesion T_obs (raw),14901,0.3869538957116972,0.9496047430830039
Cohesion T_obs (raw),14951,0.38706441040733064,0.9530632411067194
Cohesion T_obs (raw),15001,0.3874408372775148,0.9571805006587615
Cohesion T_obs (raw),15051,0.38788120390671715,0.9614624505928854
Cohesion T_obs (raw),15101,0.38831865439374874,0.9657444005270093
Cohesion T_obs (raw),15151,0.3882251996567883,0.9687088274044796
Cohesion T_obs (raw),15201,0.38832971515031905,0.972167325428195
Cohesion T_obs (raw),15251,0.38797455904530853,0.9744729907773386
Cohesion T_obs (raw),15301,0.38807921050911703,0.9779314888010541
Cohesion T_obs (raw),15351,0.3884437495928604,0.9820487483530962
Cohesion T_obs (raw),15401,0.38809168235828845,0.9843544137022397
Cohesion T_obs (raw),15451,0.3882596595689599,0.9879776021080369
Cohesion T_obs (raw),15501,0.3880394813237856,0.9906126482213439
Cohesion T_obs (raw),15551,0.387820718924828,0.9932476943346509
Cohesion T_obs (raw),15601,0.3874751618485994,0.9955533596837944
Cohesion T_obs (raw),15651,0.3868762379400677,0.9972002635046113
Cohesion T_obs (raw),15701,0.38640850901216484,0.9991765480895916
Supervised (GBM),1,1.0,0.00016469038208168644
Supervised (GBM),51,1.0,0.008399209486166008
Supervised (GBM),101,0.9801980198019802,0.016304347826086956
Supervised (GBM),151,0.9801324503311258,0.024374176548089592
Supervised (GBM),201,0.9850746268656716,0.03260869565217391
Supervised (GBM),251,0.9800796812749004,0.040513833992094864
Supervised (GBM),301,0.9800664451827242,0.048583662714097496
Supervised (GBM),351,0.98005698005698,0.05665349143610013
Supervised (GBM),401,0.972568578553616,0.06422924901185771
Supervised (GBM),451,0.9733924611973392,0.07229907773386034
Supervised (GBM),501,0.9720558882235529,0.0802042160737813
Supervised (GBM),551,0.9709618874773139,0.08810935441370224
Supervised (GBM),601,0.9733777038269551,0.09634387351778656
Supervised (GBM),651,0.9738863287250384,0.1044137022397892
Supervised (GBM),701,0.9728958630527818,0.11231884057971014
Supervised (GBM),751,0.9693741677762983,0.11989459815546773
Supervised (GBM),801,0.9700374531835206,0.12796442687747037
Supervised (GBM),851,0.9694477085781433,0.1358695652173913
Supervised (GBM),901,0.9689234184239733,0.14377470355731226
Supervised (GBM),951,0.9674027339642481,0.15151515151515152
Supervised (GBM),1001,0.9690309690309691,0.15974967061923584
Supervised (GBM),1051,0.9686013320647003,0.1676548089591568
Supervised (GBM),1101,0.9663941871026339,0.17523056653491437
Supervised (GBM),1151,0.9678540399652477,0.1834650856389987
Supervised (GBM),1201,0.9658617818484596,0.19104084321475626
Supervised (GBM),1251,0.9656274980015987,0.19894598155467721
Supervised (GBM),1301,0.9661798616448886,0.20701581027667984
Supervised (GBM),1351,0.9659511472982976,0.2149209486166008
Supervised (GBM),1401,0.9671663097787295,0.22315546772068512
Supervised (GBM),1451,0.9682977257064094,0.23138998682476944
Supervised (GBM),1501,0.9680213191205863,0.23929512516469037
Supervised (GBM),1551,0.9690522243713733,0.2475296442687747
Supervised (GBM),1601,0.9700187382885697,0.255764163372859
Supervised (GBM),1651,0.9697153240460327,0.26366930171277997
Supervised (GBM),1701,0.9706055261610818,0.2719038208168643
Supervised (GBM),1751,0.9703026841804683,0.2798089591567852
Supervised (GBM),1801,0.9694614103275958,0.2875494071146245
Supervised (GBM),1851,0.9697460831982712,0.29561923583662714
Supervised (GBM),1901,0.9694897422409259,0.3035243741765481
Supervised (GBM),1951,0.9697590978985136,0.3115942028985507
Supervised (GBM),2001,0.9675162418790605,0.3188405797101449
Supervised (GBM),2051,0.9683081423695759,0.32707509881422925
Supervised (GBM),2101,0.9690623512613041,0.3353096179183136
Supervised (GBM),2151,0.9679218967921897,0.34288537549407117
Supervised (GBM),2201,0.9672875965470241,0.3506258234519104
Supervised (GBM),2251,0.9671257219013771,0.35853096179183136
Supervised (GBM),2301,0.9665362885701869,0.3662714097496706
Supervised (GBM),2351,0.9655465759251383,0.3738471673254282
Supervised (GBM),2401,0.9650145772594753,0.38158761528326746
Supervised (GBM),2451,0.9640962872297022,0.389163372859025
Supervised (GBM),2501,0.9640143942423031,0.397068511198946
Supervised (GBM),2551,0.964719717757742,0.4053030303030303
Supervised (GBM),2601,0.9642445213379469,0.41304347826086957
Supervised (GBM),2651,0.9626556016597511,0.42028985507246375
Supervised (GBM),2701,0.9629766753054424,0.42835968379446643
Supervised (GBM),2751,0.9625590694292985,0.43610013175230566
Supervised (GBM),2801,0.9625133880756872,0.4440052700922266
Supervised (GBM),2851,0.9614170466502981,0.4514163372859025
Supervised (GBM),2901,0.9607032057911065,0.4589920948616601
Supervised (GBM),2951,0.9606912910877669,0.46689723320158105
Supervised (GBM),3001,0.9610129956681106,0.4749670619235837
Supervised (GBM),3051,0.9609963946247132,0.48287220026350464
Supervised (GBM),3101,0.9609803289261528,0.49077733860342554
Supervised (GBM),3151,0.9603300539511266,0.4983530961791831
Supervised (GBM),3201,0.9593876913464542,0.505764163372859
Supervised (GBM),3251,0.9587819132574592,0.5133399209486166
Supervised (GBM),3301,0.957588609512269,0.5205862977602108
Supervised (GBM),3351,0.9579230080572964,0.5286561264822134
Supervised (GBM),3401,0.957953543075566,0.5365612648221344
Supervised (GBM),3451,0.957983193277311,0.5444664031620553
Supervised (GBM),3501,0.9571550985432733,0.5518774703557312
Supervised (GBM),3551,0.9566319346662912,0.5594532279314888
Supervised (GBM),3601,0.9555678978061649,0.566699604743083
Supervised (GBM),3651,0.9548069022185702,0.5741106719367589
Supervised (GBM),3701,0.9529856795460686,0.580862977602108
Supervised (GBM),3751,0.9528125833111171,0.5886034255599473
Supervised (GBM),3801,0.9531702183635885,0.59667325428195
Supervised (GBM),3851,0.9527395481693067,0.6042490118577075
Supervised (GBM),3901,0.9518072289156626,0.6114953886693018
Supervised (GBM),3951,0.9521640091116174,0.6195652173913043
Supervised (GBM),4001,0.9512621844538866,0.6268115942028986
Supervised (GBM),4051,0.9508763268328808,0.6343873517786561
Supervised (GBM),4101,0.9509875640087784,0.642292490118577
Supervised (GBM),4151,0.9508552156106962,0.6500329380764164
Supervised (GBM),4201,0.9500119019281124,0.6572793148880105
Supervised (GBM),4251,0.9494236650199953,0.6646903820816864
Supervised (GBM),4301,0.9481515926528714,0.6716073781291173
Supervised (GBM),4351,0.9478280854975868,0.6791831357048749
Supervised (GBM),4401,0.9461486025903204,0.6857707509881423
Supervised (GBM),4451,0.9460795326892834,0.6935111989459816
Supervised (GBM),4501,0.9453454787824928,0.7007575757575758
Supervised (GBM),4551,0.94506701823775,0.7083333333333334
Supervised (GBM),4601,0.9450119539230603,0.7160737812911726
Supervised (GBM),4651,0.9443130509567835,0.7233201581027668
Supervised (GBM),4701,0.9432035737077218,0.7302371541501976
Supervised (GBM),4751,0.9419069669543254,0.7369894598155468
Supervised (GBM),4801,0.9414705269735472,0.7444005270092227
Supervised (GBM),4851,0.9398062255205112,0.7508234519104084
Supervised (GBM),4901,0.9387880024484799,0.7577404479578392
Supervised (GBM),4951,0.9377903453847708,0.7646574440052701
Supervised (GBM),5001,0.9368126374725055,0.7715744400527009
Supervised (GBM),5051,0.9352603444862404,0.7779973649538867
Supervised (GBM),5101,0.9343266026269359,0.7849143610013175
Supervised (GBM),5151,0.9324403028538147,0.79100790513834
Supervised (GBM),5201,0.930782541818881,0.797266139657444
Supervised (GBM),5251,0.9285850314225862,0.803030303030303
Supervised (GBM),5301,0.9271835502735333,0.8094532279314888
Supervised (GBM),5351,0.9269295458792749,0.8168642951251647
Supervised (GBM),5401,0.9251990372153305,0.8229578392621871
Supervised (GBM),5451,0.9223995597138139,0.8280632411067194
Supervised (GBM),5501,0.9212870387202327,0.8346508563899868
Supervised (GBM),5551,0.9203747072599532,0.8414031620553359
Supervised (GBM),5601,0.9175147295125871,0.8463438735177866
Supervised (GBM),5651,0.9148823217129711,0.8514492753623188
Supervised (GBM),5701,0.9133485353446764,0.8575428194993412
Supervised (GBM),5751,0.9116675360806816,0.863471673254282
Supervised (GBM),5801,0.9098431304947423,0.869235836627141
Supervised (GBM),5851,0.9075371731327978,0.8745059288537549
Supervised (GBM),5901,0.9054397559735639,0.8799407114624506
Supervised (GBM),5951,0.9035456225844396,0.8855401844532279
Supervised (GBM),6001,0.901183136143976,0.8906455862977603
Supervised (GBM),6051,0.8986944306726161,0.8955862977602108
Supervised (GBM),6101,0.895754794296017,0.9000329380764164
Supervised (GBM),6151,0.8940009754511462,0.9056324110671937
Supervised (GBM),6201,0.8924367037574584,0.9113965744400527
Supervised (GBM),6251,0.8897776355783075,0.91600790513834
Supervised (GBM),6301,0.8871607681320426,0.9206192358366272
Supervised (GBM),6351,0.8834829160762084,0.9240777338603425
Supervised (GBM),6401,0.8806436494297766,0.9283596837944664
Supervised (GBM),6451,0.8775383661447838,0.9323122529644269
Supervised (GBM),6501,0.87509613905553,0.9369235836627141
Supervised (GBM),6551,0.8717753014806899,0.9405467720685112
Supervised (GBM),6601,0.8695652173913043,0.9453227931488801
Supervised (GBM),6651,0.8666365960006014,0.9492753623188406
Supervised (GBM),6701,0.8641993732278764,0.9537220026350461
Supervised (GBM),6751,0.8598726114649682,0.9560276679841897
Supervised (GBM),6801,0.8561976179973533,0.95899209486166
Supervised (GBM),6851,0.852284338052839,0.961627140974967
Supervised (GBM),6901,0.8488624836980148,0.9647562582345192
Supervised (GBM),6951,0.8447705366134369,0.9670619235836627
Supervised (GBM),7001,0.8411655477788887,0.9698616600790514
Supervised (GBM),7051,0.8373280385760885,0.9723320158102767
Supervised (GBM),7101,0.833685396423039,0.9749670619235836
Supervised (GBM),7151,0.8296741714445532,0.9771080368906456
Supervised (GBM),7201,0.8254409109845855,0.9789196310935442
Supervised (GBM),7251,0.8214039442835471,0.9808959156785244
Supervised (GBM),7301,0.8164634981509382,0.9817193675889329
Supervised (GBM),7351,0.812678547136444,0.9838603425559947
Supervised (GBM),7401,0.8092149709498716,0.98633069828722
Supervised (GBM),7451,0.8043215675748222,0.9869894598155468
Supervised (GBM),7501,0.7998933475536595,0.9881422924901185
Supervised (GBM),7551,0.7957886372665872,0.9896245059288538
Supervised (GBM),7601,0.7910801210367057,0.9902832674571805
Supervised (GBM),7651,0.7866945497320612,0.9912714097496707
Supervised (GBM),7701,0.7824957797688612,0.9924242424242424
Supervised (GBM),7751,0.7782221648819507,0.9934123847167325
Supervised (GBM),7801,0.7738751442122804,0.994235836627141
Supervised (GBM),7851,0.7697108648579799,0.9952239789196311
Supervised (GBM),7901,0.7649664599417795,0.9953886693017128
Supervised (GBM),7951,0.7602817255691108,0.9955533596837944
Supervised (GBM),8001,0.7560304961879765,0.9962121212121212
Supervised (GBM),8051,0.7514594460315489,0.9963768115942029
Supervised (GBM),8101,0.7469448216269596,0.9965415019762845
Supervised (GBM),8151,0.7426082689240584,0.996870882740448
Supervised (GBM),8201,0.7382026582124132,0.9970355731225297
Supervised (GBM),8251,0.7342140346624652,0.9976943346508564
Supervised (GBM),8301,0.7297915913745332,0.9976943346508564
Supervised (GBM),8351,0.7256615974134835,0.9980237154150198
Supervised (GBM),8401,0.7214617307463397,0.9981884057971014
Supervised (GBM),8451,0.71731156076204,0.9983530961791831
Supervised (GBM),8501,0.7132102105634631,0.9985177865612648
Supervised (GBM),8551,0.709273769149807,0.9988471673254282
Supervised (GBM),8601,0.70515056388792,0.9988471673254282
Supervised (GBM),8651,0.7011906138018726,0.9990118577075099
Supervised (GBM),8701,0.6971612458338122,0.9990118577075099
Supervised (GBM),8751,0.6931779225231403,0.9990118577075099
Supervised (GBM),8801,0.6893534825588001,0.9991765480895916
Supervised (GBM),8851,0.6854592701389673,0.9991765480895916
Supervised (GBM),8901,0.6816088079991012,0.9991765480895916
Supervised (GBM),8951,0.6780248016981343,0.9995059288537549
Supervised (GBM),9001,0.6743695144983891,0.9996706192358367
Supervised (GBM),9051,0.6706441277206938,0.9996706192358367
Supervised (GBM),9101,0.667069552796396,0.9998353096179183
Supervised (GBM),9151,0.6634247623210578,0.9998353096179183
Supervised (GBM),9201,0.6598195848277361,0.9998353096179183
Supervised (GBM),9251,0.6562533780131877,0.9998353096179183
Supervised (GBM),9301,0.6527255133856574,0.9998353096179183
Supervised (GBM),9351,0.6492353758956262,0.9998353096179183
Supervised (GBM),9401,0.6457823635783427,0.9998353096179183
Supervised (GBM),9451,0.6423658872077029,0.9998353096179183
Supervised (GBM),9501,0.6389853699610567,0.9998353096179183
Supervised (GBM),9551,0.6357449481729662,1.0
Supervised (GBM),9601,0.6324341214456828,1.0
Supervised (GBM),9651,0.6291576002486788,1.0
Supervised (GBM),9701,0.6259148541387486,1.0
Supervised (GBM),9751,0.6227053635524562,1.0
Supervised (GBM),9801,0.6195286195286195,1.0
Supervised (GBM),9851,0.6163841234392448,1.0
Supervised (GBM),9901,0.6132713867286133,1.0
Supervised (GBM),9951,0.6101899306602352,1.0
Supervised (GBM),10001,0.6071392860713929,1.0
Supervised (GBM),10051,0.6041189931350115,1.0
Supervised (GBM),10101,0.6011286011286011,1.0
Supervised (GBM),10151,0.5981676682100285,1.0
Supervised (GBM),10201,0.5952357611998824,1.0
Supervised (GBM),10251,0.5923324553702077,1.0
Supervised (GBM),10301,0.5894573342393943,1.0
Supervised (GBM),10351,0.5866099893730075,1.0
Supervised (GBM),10401,0.5837900201903663,1.0
Supervised (GBM),10451,0.5809970337766721,1.0
Supervised (GBM),10501,0.5782306447005047,1.0
Supervised (GBM),10551,0.5754904748365084,1.0
Supervised (GBM),10601,0.5727761531930949,1.0
Supervised (GBM),10651,0.5700873157450005,1.0
Supervised (GBM),10701,0.5674236052705355,1.0
Supervised (GBM),10751,0.5647846711933774,1.0
Supervised (GBM),10801,0.5621701694287566,1.0
Supervised (GBM),10851,0.5595797622338955,1.0
Supervised (GBM),10901,0.557013118062563,1.0
Supervised (GBM),10951,0.5544699114236142,1.0
Supervised (GBM),11001,0.551949822743387,1.0
Supervised (GBM),11051,0.5494525382318343,1.0
Supervised (GBM),11101,0.5469777497522745,1.0
Supervised (GBM),11151,0.5445251546946462,1.0
Supervised (GBM),11201,0.5420944558521561,1.0
Supervised (GBM),11251,0.5396853613012177,1.0
Supervised (GBM),11301,0.5372975842845766,1.0
Supervised (GBM),11351,0.5349308430975245,1.0
Supervised (GBM),11401,0.5325848609771072,1.0
Supervised (GBM),11451,0.5302593659942363,1.0
Supervised (GBM),11501,0.5279540909486131,1.0
Supervised (GBM),11551,0.5256687732663838,1.0
Supervised (GBM),11601,0.5234031549004396,1.0
Supervised (GBM),11651,0.5211569822332847,1.0
Supervised (GBM),11701,0.5189300059823947,1.0
Supervised (GBM),11751,0.5167219811079908,1.0
Supervised (GBM),11801,0.514532666723159,1.0
Supervised (GBM),11851,0.5123618260062442,1.0
Supervised (GBM),11901,0.5102092261154525,1.0
Supervised (GBM),11951,0.5080746381055978,1.0
Supervised (GBM),12001,0.5059578368469294,1.0
Supervised (GBM),12051,0.5038586009459796,1.0
Supervised (GBM),12101,0.5017767126683745,1.0
Supervised (GBM),12151,0.4997119578635503,1.0
Supervised (GBM),12201,0.49766412589132036,1.0
Supervised (GBM),12251,0.4956330095502408,1.0
Supervised (GBM),12301,0.49361840500772297,1.0
Supervised (GBM),12351,0.49162011173184356,1.0
Supervised (GBM),12401,0.48963793242480447,1.0
Supervised (GBM),12451,0.48767167295799535,1.0
Supervised (GBM),12501,0.4857211423086153,1.0
Supervised (GBM),12551,0.48378615249780893,1.0
Supervised (GBM),12601,0.4818665185302754,1.0
Supervised (GBM),12651,0.47996205833530947,1.0
Supervised (GBM),12701,0.47807259270923547,1.0
Supervised (GBM),12751,0.47619794525919534,1.0
Supervised (GBM),12801,0.47433794234825405,1.0
Supervised (GBM),12851,0.47249241304178663,1.0
Supervised (GBM),12901,0.470661189055112,1.0
Supervised (GBM),12951,0.4688441047023396,1.0
Supervised (GBM),13001,0.46704099684639644,1.0
Supervised (GBM),13051,0.46525170485020306,1.0
Supervised (GBM),13101,0.4634760705289673,1.0
Supervised (GBM),13151,0.46171393810356626,1.0
Supervised (GBM),13201,0.45996515415498823,1.0
Supervised (GBM),13251,0.4582295675798053,1.0
Supervised (GBM),13301,0.4565070295466506,1.0
Supervised (GBM),13351,0.45479739345367387,1.0
Supervised (GBM),13401,0.45310051488694875,1.0
Supervised (GBM),13451,0.4514162515798082,1.0
Supervised (GBM),13501,0.4497444633730835,1.0
Supervised (GBM),13551,0.44808501217622315,1.0
Supervised (GBM),13601,0.4464377619292699,1.0
Supervised (GBM),13651,0.44480257856567285,1.0
Supervised (GBM),13701,0.4431793299759142,1.0
Supervised (GBM),13751,0.4415678859719293,1.0
Supervised (GBM),13801,0.43996811825230053,1.0
Supervised (GBM),13851,0.43837990036820446,1.0
Supervised (GBM),13901,0.43680310769009423,1.0
Supervised (GBM),13951,0.4352376173750986,1.0
Supervised (GBM),14001,0.4336833083351189,1.0
Supervised (GBM),14051,0.43214006120560816,1.0
Supervised (GBM),14101,0.43060775831501313,1.0
Supervised (GBM),14151,0.4290862836548654,1.0
Supervised (GBM),14201,0.4275755228505035,1.0
Supervised (GBM),14251,0.42607536313241173,1.0
Supervised (GBM),14301,0.42458569330816026,1.0
Supervised (GBM),14351,0.42310640373493136,1.0
Supervised (GBM),14401,0.42163738629261854,1.0
Supervised (GBM),14451,0.4201785343574839,1.0
Supervised (GBM),14501,0.41872974277636027,1.0
Supervised (GBM),14551,0.41729090784138545,1.0
Supervised (GBM),14601,0.4158619272652558,1.0
Supervised (GBM),14651,0.41444270015698587,1.0
Supervised (GBM),14701,0.4130331269981634,1.0
Supervised (GBM),14751,0.4116331096196868,1.0
Supervised (GBM),14801,0.4102425511789744,1.0
Supervised (GBM),14851,0.4088613561376338,1.0
Supervised (GBM),14901,0.40748943023958123,1.0
Supervised (GBM),14951,0.4061266804895994,1.0
Supervised (GBM),15001,0.4047730151323245,1.0
Supervised (GBM),15051,0.40342834363165236,1.0
Supervised (GBM),15101,0.4020925766505529,1.0
Supervised (GBM),15151,0.40076562603128507,1.0
Supervised (GBM),15201,0.3994474047760016,1.0
Supervised (GBM),15251,0.39813782702773587,1.0
Supervised (GBM),15301,0.3968368080517613,1.0
Supervised (GBM),15351,0.3955442642173148,1.0
Supervised (GBM),15401,0.39426011297967667,1.0
Supervised (GBM),15451,0.3929842728625979,1.0
Supervised (GBM),15501,0.3917166634410683,1.0
Supervised (GBM),15551,0.3904572053244164,1.0
Supervised (GBM),15601,0.38920582013973465,1.0
Supervised (GBM),15651,0.387962430515622,1.0
Supervised (GBM),15701,0.3867269600662378,1.0
