kind,kappa_hat,r_emp
astroturf,3840.0,0.9617823362350464
astroturf,1689.623790693271,0.8930339217185974
astroturf,1683.5256691680152,0.8926694989204407
astroturf,1309.2877203016556,0.8643297553062439
astroturf,2539.1712878355415,0.9274079203605652
astroturf,1323.2757761213834,0.8656541705131531
astroturf,2031.5043678541397,0.9101470708847046
astroturf,1881.379103553199,0.9033557176589966
astroturf,2789.970184048376,0.9337027072906494
astroturf,1457.6496844446335,0.8771781325340271
astroturf,1834.3279260604138,0.9010114073753357
astroturf,1615.0630039669595,0.8884016275405884
astroturf,1348.9227453927979,0.8680168390274048
astroturf,1714.112175692259,0.8944728374481201
astroturf,1272.3829867357174,0.8607076406478882
astroturf,1674.2114744383643,0.8921080827713013
astroturf,1574.9282606409267,0.885738730430603
astroturf,2669.3513036312443,0.9308173060417175
astroturf,2053.3601810148343,0.91105717420578
astroturf,1626.9318280492391,0.8891655802726746
astroturf,1457.678561091093,0.8771803975105286
astroturf,2160.0776232452204,0.915249228477478
astroturf,1967.3125534787916,0.9073632955551147
astroturf,1547.0479239418744,0.8838131427764893
astroturf,1714.846588319818,0.8945153951644897
astroturf,1609.933437079784,0.8880681991577148
astroturf,1662.0103516812133,0.8913637399673462
astroturf,1772.4065748099772,0.8977476954460144
astroturf,1626.4834681293357,0.8891369104385376
astroturf,1752.6530857074079,0.8966609239578247
astroturf,1678.98057635277,0.8923962712287903
astroturf,2143.24280967291,0.9146143198013306
astroturf,1794.0203294214903,0.8989109992980957
astroturf,1746.2067984732628,0.89630126953125
astroturf,1289.5400978744094,0.8624151945114136
astroturf,1405.0682434005764,0.8729111552238464
astroturf,1600.0407151711624,0.8874195218086243
astroturf,1314.4155854688881,0.864818274974823
astroturf,2738.755238517139,0.9325074553489685
astroturf,1966.0267774345177,0.9073057770729065
astroturf,1334.2811099453436,0.8666782379150391
astroturf,1710.2369962717796,0.8942477107048035
astroturf,1134.2219399300352,0.845253586769104
astroturf,1561.882329688164,0.8848456740379333
astroturf,1617.1956716517543,0.8885396718978882
astroturf,1273.0251643762124,0.8607723116874695
astroturf,1651.2382189505634,0.8906980156898499
astroturf,2100.6257269204875,0.9129638075828552
astroturf,1427.0645793049794,0.8747315406799316
astroturf,1589.958074402667,0.8867506384849548
astroturf,1773.485640646234,0.8978064060211182
astroturf,1495.7429056743113,0.8800954222679138
astroturf,1536.4571252656594,0.8830646276473999
astroturf,1805.8967897794714,0.899539053440094
astroturf,1601.0291262258404,0.8874846696853638
astroturf,1744.4082454361576,0.8962004780769348
astroturf,1725.9997072333463,0.895157516002655
astroturf,1572.8879220442982,0.8855999708175659
astroturf,1413.0414530866453,0.8735770583152771
astroturf,1556.098082838673,0.8844452500343323
astroturf,1714.4155378923494,0.8944904208183289
astroturf,2132.481369731263,0.9142034649848938
astroturf,1310.4844319489785,0.8644440770149231
astroturf,1528.3445391596033,0.8824847340583801
astroturf,2362.2491733075713,0.9221979975700378
astroturf,2009.1266917062778,0.9091957807540894
astroturf,1689.0395191212206,0.8929991126060486
astroturf,1683.6857219161002,0.8926790952682495
astroturf,1998.146681015885,0.9087216258049011
astroturf,1496.8716697804557,0.880179762840271
astroturf,1400.0272714900245,0.8724865317344666
astroturf,1496.1575327088171,0.880126416683197
astroturf,1562.5980183918664,0.8848950266838074
astroturf,1360.4888825882438,0.8690555095672607
astroturf,1657.2354930002682,0.8910696506500244
astroturf,1642.1411589542838,0.8901294469833374
astroturf,2128.795725399367,0.9140618443489075
astroturf,2035.975566347521,0.9103347659111023
astroturf,1948.305479231567,0.9065057039260864
astroturf,1820.034192284907,0.9002766013145447
astroturf,2023.7508266454304,0.9098197221755981
astroturf,1081.2802114748658,0.8383904695510864
astroturf,1404.4714040537958,0.8728610277175903
astroturf,1428.153999906389,0.874820351600647
astroturf,2066.4178247700283,0.9115921854972839
astroturf,2016.254362305848,0.9095009565353394
astroturf,1649.5861593926584,0.8905951976776123
astroturf,1669.5254300922409,0.891823410987854
astroturf,1718.0689241370608,0.8947017192840576
astroturf,1759.0395520902207,0.8970147967338562
astroturf,1987.0882838583077,0.9082390666007996
astroturf,1785.902697446813,0.8984771966934204
astroturf,1896.7558495065286,0.9040980339050293
astroturf,1650.1499059344249,0.890630304813385
astroturf,2711.347263752389,0.9318499565124512
astroturf,1539.9917113138652,0.8833155035972595
astroturf,1655.3207936061858,0.8909512758255005
astroturf,1800.3329883069405,0.8992457985877991
astroturf,1699.4072959192804,0.8936134576797485
astroturf,1943.1988784745852,0.9062725901603699
astroturf,2335.4987036512744,0.9213445782661438
astroturf,1884.4272202001578,0.9035037755966187
astroturf,1540.6366027725878,0.8833611607551575
astroturf,1272.8398485928062,0.8607536554336548
astroturf,2501.9528756693435,0.9263706207275391
astroturf,1908.2972233863527,0.9046477675437927
astroturf,1702.6504860232249,0.8938041925430298
astroturf,1410.3072462781058,0.8733494877815247
astroturf,2033.779522270147,0.9102426767349243
astroturf,1408.6106378556715,0.8732078671455383
astroturf,1959.378226038635,0.9070072174072266
astroturf,1746.8639097959444,0.8963380455970764
astroturf,1439.5112552408584,0.875738799571991
astroturf,1644.497223877243,0.8902772665023804
astroturf,1830.1448631022092,0.9007974863052368
astroturf,1862.9666596961542,0.9024516344070435
astroturf,1514.8181021172184,0.881505012512207
astroturf,1871.6192288862185,0.9028785824775696
astroturf,1493.198429133333,0.8799048662185669
astroturf,1312.964717536627,0.8646804094314575
astroturf,2212.5820360791436,0.9171702265739441
astroturf,1821.8428509096366,0.900370180606842
astroturf,1541.949827612555,0.8834540247917175
astroturf,1864.1676655320603,0.9025111198425293
astroturf,1759.5956035537818,0.8970454931259155
astroturf,1196.3726972136783,0.8526068925857544
astroturf,1945.9194156978333,0.9063969254493713
astroturf,2110.8022980887595,0.9133636951446533
astroturf,1395.2662510827367,0.8720828890800476
astroturf,2021.4870772279403,0.909723699092865
astroturf,1805.153079080875,0.8994999527931213
astroturf,1507.811511261486,0.8809911012649536
astroturf,1420.6159919171316,0.8742032647132874
astroturf,2188.649298511119,0.9163054823875427
astroturf,1301.834652710852,0.8636134266853333
astroturf,1740.6860902130218,0.8959912657737732
astroturf,1950.6747838291883,0.9066134691238403
astroturf,1783.0006656961043,0.8983212113380432
astroturf,2185.26987120517,0.9161819219589233
astroturf,1379.5997964484552,0.8707365393638611
astroturf,1179.686878984805,0.8507017493247986
astroturf,1602.9567732701753,0.8876115083694458
astroturf,1508.0874772037073,0.881011426448822
astroturf,1641.6763932992258,0.8901002407073975
astroturf,2030.755079663907,0.9101155400276184
astroturf,1356.605069792695,0.8687085509300232
astroturf,1900.345595910362,0.9042696952819824
astroturf,1486.342250604363,0.8793883919715881
astroturf,1408.749737629585,0.8732194900512695
astroturf,1432.829592725259,0.875200092792511
astroturf,1878.408692573951,0.9032109975814819
astroturf,1528.492249409901,0.8824953436851501
astroturf,1775.8716342347684,0.8979359865188599
astroturf,1027.8421687569505,0.8308226466178894
astroturf,2102.942830143798,0.9130551815032959
astroturf,1282.5589871075556,0.8617254495620728
astroturf,1402.8443649810838,0.872724175453186
astroturf,1441.3465907120978,0.8758859634399414
astroturf,1557.048468677085,0.8845112323760986
astroturf,1709.26897979611,0.894191324710846
astroturf,1424.9952665543408,0.8745625019073486
astroturf,1623.878982256732,0.8889700770378113
astroturf,1213.9674258547461,0.8545641899108887
astroturf,1200.3065851117217,0.8530490398406982
astroturf,1285.5439456565605,0.8620212078094482
astroturf,2041.9767894422641,0.9105854630470276
astroturf,1954.3113959553368,0.9067783951759338
astroturf,1668.0851290523674,0.8917356133460999
astroturf,1425.4318697528033,0.8745982050895691
astroturf,1620.2157989880816,0.8887345790863037
astroturf,1820.0526074033469,0.9002775549888611
astroturf,1708.9571006410683,0.8941731452941895
astroturf,1431.4050606197395,0.875084638595581
astroturf,1570.1131779923553,0.885410726070404
astroturf,1874.260346089597,0.9030081629753113
astroturf,2279.231744107959,0.9194870591163635
astroturf,1858.323234639072,0.9022209644317627
astroturf,1456.3824367822197,0.877078652381897
astroturf,2179.685453373117,0.9159769415855408
astroturf,1596.5708799467445,0.8871902227401733
astroturf,1322.0867339175113,0.8655425906181335
astroturf,1562.3040625986523,0.8848747611045837
astroturf,1619.316048330022,0.8886765837669373
astroturf,1171.2946966777695,0.8497249484062195
astroturf,2087.8582336395857,0.9124568700790405
astroturf,1738.0788970324309,0.8958442211151123
astroturf,1819.023051030069,0.9002242088317871
astroturf,1880.7997405525366,0.9033275246620178
astroturf,1934.9433312223412,0.9058932662010193
astroturf,1657.1100333811278,0.8910619020462036
astroturf,1642.100363541753,0.8901268839836121
astroturf,2252.9679421182364,0.91858971118927
astroturf,1661.0599114569172,0.8913053274154663
astroturf,1793.8198458550985,0.8989003300666809
astroturf,1496.3673196076963,0.880142092704773
astroturf,3103.2815517879735,0.9401839971542358
astroturf,2127.00537540991,0.9139928817749023
astroturf,1959.035607584966,0.9069917798042297
astroturf,2247.250275814729,0.9183917045593262
astroturf,1345.2678026742713,0.8676851987838745
astroturf,1326.640731042446,0.8659689426422119
astroturf,1469.8649445228386,0.8781288862228394
astroturf,2093.296905801367,0.9126735329627991
astroturf,1860.5738238896724,0.9023329019546509
astroturf,1856.6583794539692,0.9021379947662354
astroturf,1894.0012113183386,0.9039658904075623
astroturf,1145.4482098271933,0.8466352224349976
astroturf,1413.012756876222,0.8735746741294861
astroturf,1351.4677763162854,0.8682467937469482
astroturf,1437.8343283380102,0.8756040334701538
astroturf,1578.6967146437253,0.8859941363334656
astroturf,1570.146333549625,0.8854129910469055
astroturf,1617.7139780515465,0.888573169708252
astroturf,1335.7270563769523,0.8668116331100464
astroturf,1571.1774245713923,0.8854833841323853
astroturf,1658.222418506226,0.8911305665969849
astroturf,2088.022421020737,0.9124634265899658
astroturf,1222.9148755353322,0.855539858341217
astroturf,1756.7981872796315,0.8968908786773682
astroturf,1380.8775659211997,0.8708474040031433
astroturf,1587.281838883444,0.8865717649459839
astroturf,1209.7910157528652,0.8541042804718018
astroturf,1731.0015257054997,0.8954429626464844
astroturf,2343.7336661657673,0.9216092824935913
astroturf,1978.1412561908007,0.9078449010848999
astroturf,1331.388189836913,0.8664105534553528
astroturf,1180.1813546896592,0.8507589101791382
astroturf,1592.064124121553,0.8868910074234009
astroturf,1883.7822154562982,0.9034724831581116
astroturf,1593.5706112279386,0.8869912028312683
astroturf,1777.783461007859,0.8980395793914795
astroturf,1641.4573748510359,0.8900864720344543
astroturf,2028.479273965561,0.9100196361541748
astroturf,1908.507425487816,0.9046577215194702
astroturf,1402.8974580240601,0.8727286458015442
astroturf,1621.6667982387396,0.8888279795646667
astroturf,1206.1738847366069,0.8537036180496216
astroturf,1314.065301378555,0.8647850155830383
astroturf,2224.078029474891,0.9175792932510376
astroturf,1423.9583240574505,0.8744776248931885
astroturf,1639.4744782825896,0.8899616599082947
astroturf,1424.8043759583065,0.8745468854904175
astroturf,1187.4633863090457,0.8515956997871399
astroturf,2164.739745694785,0.9154233932495117
astroturf,1887.8743038190787,0.9036706686019897
astroturf,1734.4419713440511,0.8956384062767029
astroturf,1453.2001862658135,0.876828134059906
astroturf,1538.413597424709,0.8832036256790161
astroturf,2146.9809641875795,0.9147561192512512
astroturf,1772.042053234696,0.8977278470993042
astroturf,1422.3496065987144,0.8743457198143005
astroturf,1466.0478407951605,0.877833366394043
astroturf,1546.6592819618131,0.8837858438491821
astroturf,1650.3251332222264,0.8906412124633789
astroturf,1699.9993255658835,0.8936483263969421
astroturf,1251.3751431594976,0.8585585951805115
astroturf,1410.8578834708894,0.8733953833580017
astroturf,2334.032213658992,0.9212972521781921
astroturf,1665.7297442598287,0.8915917277336121
astroturf,1115.5684242755187,0.842902421951294
astroturf,1011.6213150548958,0.8283845782279968
astroturf,1479.5114753841376,0.8788694143295288
astroturf,1477.1901010804247,0.8786920309066772
astroturf,1885.8378544618138,0.903572142124176
astroturf,1325.2319243902125,0.8658373355865479
astroturf,1097.9531070276398,0.8406161069869995
astroturf,1387.6377815744872,0.8714308142662048
astroturf,1890.82731018833,0.9038131833076477
astroturf,1456.0934351719948,0.8770559430122375
astroturf,1750.7510958940095,0.8965550661087036
astroturf,1695.160101401631,0.8933626413345337
astroturf,1528.7919006589889,0.8825168609619141
astroturf,2137.018168856099,0.9143771529197693
astroturf,1142.2017289461949,0.8462381958961487
astroturf,1987.909285897547,0.9082750678062439
astroturf,2425.864495401751,0.9241551160812378
astroturf,1472.66514786476,0.8783447742462158
astroturf,1713.76677400907,0.8944528102874756
astroturf,1647.9037657590056,0.8904902935028076
astroturf,1911.4106714061409,0.9047949910163879
astroturf,2490.7249585541226,0.9260518550872803
astroturf,1828.2904609880354,0.9007023572921753
astroturf,1548.378999476449,0.8839065432548523
astroturf,1855.7458187387856,0.902092456817627
astroturf,1101.1379895027442,0.8410343527793884
astroturf,1813.0754898094876,0.8999149203300476
astroturf,1836.5017291878578,0.9011222124099731
astroturf,1256.3166374939965,0.8590700030326843
astroturf,1205.5795546411873,0.8536375761032104
astroturf,2255.600276887026,0.9186805486679077
astroturf,2375.012995696819,0.9225987195968628
astroturf,1804.2287803923243,0.8994513154029846
astroturf,1417.4057362911744,0.8739386200904846
astroturf,1242.1236683571358,0.8575911521911621
astroturf,2358.4322135441357,0.9220773577690125
astroturf,1897.896197531121,0.9041526317596436
astroturf,1429.9904810355151,0.8749697804450989
astroturf,1305.1918316843607,0.8639370203018188
astroturf,1129.2904879834364,0.8446388244628906
astroturf,1675.669589611716,0.8921963572502136
astroturf,2482.4254013830673,0.9258144497871399
astroturf,1390.2237823385897,0.8716526031494141
astroturf,1567.391030932166,0.885224461555481
astroturf,1460.3641561496183,0.8773906826972961
astroturf,1203.8665999107186,0.853446900844574
astroturf,1872.5174398473946,0.9029226899147034
astroturf,1230.9042929788657,0.8564001321792603
astroturf,2078.202586777531,0.91206955909729
astroturf,1710.0169021919166,0.8942348957061768
astroturf,1759.0503460592167,0.897015392780304
astroturf,1902.5243840141623,0.9043735861778259
astroturf,2301.889039036107,0.9202454686164856
astroturf,1708.9550558850094,0.8941730260848999
astroturf,1543.297245225474,0.883549153804779
astroturf,1762.2367653729048,0.897191047668457
astroturf,1806.0918826180828,0.8995493054389954
astroturf,2106.410156399792,0.913191556930542
astroturf,1328.4273814507187,0.8661354780197144
astroturf,2216.024099300051,0.917293131351471
astroturf,1091.9483124818064,0.8398215770721436
astroturf,1989.7847754457914,0.9083572030067444
astroturf,1663.7878828165221,0.8914728164672852
astroturf,1265.394849716314,0.8600000143051147
astroturf,1757.8540533660448,0.896949291229248
astroturf,1690.163377750881,0.8930660486221313
astroturf,1911.837469372871,0.904815137386322
astroturf,1967.9046788514243,0.907389760017395
astroturf,1607.8623983599641,0.8879330158233643
astroturf,1993.6483730762466,0.9085259437561035
astroturf,1541.6166883135925,0.8834304809570312
astroturf,2072.337697718988,0.9118326306343079
astroturf,1656.1744727512908,0.8910040855407715
astroturf,2319.8867851858586,0.9208378195762634
astroturf,1914.8402419306344,0.9049566388130188
astroturf,1572.1013267538035,0.8855463862419128
astroturf,1421.436614116098,0.8742707371711731
astroturf,1634.6261475681113,0.8896552920341492
astroturf,1295.7422941526854,0.8630222678184509
astroturf,1638.4450289981874,0.8898967504501343
astroturf,1910.136401175179,0.9047347903251648
astroturf,1602.0404195572562,0.8875512480735779
astroturf,1408.4073838311513,0.8731908798217773
astroturf,1302.426525718461,0.8636705875396729
astroturf,1644.6056789404076,0.8902840614318848
astroturf,1763.9257301063642,0.8972839117050171
astroturf,2299.16161152479,0.9201549291610718
astroturf,2022.7778511882743,0.9097784757614136
astroturf,2008.3680252836964,0.9091631770133972
astroturf,1131.209875883938,0.8448786735534668
astroturf,1262.5683521537237,0.859711766242981
astroturf,1955.930765620239,0.9068516492843628
astroturf,1580.351866485409,0.8861059546470642
astroturf,1952.9561891033977,0.9067170023918152
astroturf,1940.2673187657194,0.9061382412910461
astroturf,1680.1602445559145,0.8924673199653625
astroturf,1376.3984896323616,0.8704579472541809
astroturf,1675.2351553200517,0.8921700716018677
astroturf,1330.525964031572,0.8663305640220642
astroturf,1426.6496880270286,0.8746976852416992
astroturf,1689.5087072516071,0.8930270671844482
astroturf,1671.6191379170325,0.891950786113739
astroturf,1296.4943960674657,0.8630955219268799
astroturf,1167.1203935675906,0.8492343425750732
astroturf,1732.818253123781,0.8955462574958801
astroturf,2009.62768159193,0.9092172980308533
astroturf,1710.7224148039022,0.894275963306427
astroturf,1428.0998581490155,0.8748159408569336
astroturf,1390.9077312183847,0.8717111349105835
astroturf,1846.6523601616223,0.9016363620758057
astroturf,1659.263648146184,0.891194760799408
astroturf,1852.4787829843526,0.9019290804862976
astroturf,1326.91413335691,0.8659944534301758
astroturf,1352.8799869374946,0.8683740496635437
astroturf,1797.4676182929074,0.8990941047668457
astroturf,1917.7617435651664,0.9050939083099365
astroturf,2150.396817734476,0.9148852825164795
astroturf,1487.6930210309984,0.8794904947280884
astroturf,2128.9397587683543,0.9140673875808716
astroturf,2177.864520937467,0.9159098863601685
astroturf,2244.2031432537424,0.9182857871055603
astroturf,1907.839209971313,0.9046260714530945
astroturf,1189.4908721577551,0.8518270254135132
astroturf,1433.6463685323495,0.8752661943435669
astroturf,2179.604461450965,0.915973961353302
astroturf,1615.8957390240994,0.8884555697441101
astroturf,1969.057890968071,0.907441258430481
astroturf,1764.5682918164252,0.8973191976547241
astroturf,2102.366501479326,0.9130324721336365
astroturf,1576.5435162040583,0.885848343372345
astroturf,1741.5807997651118,0.8960416316986084
astroturf,1921.9193545160936,0.905288577079773
astroturf,1953.1442328020548,0.9067255258560181
astroturf,1740.6384671825904,0.8959885835647583
astroturf,1677.4923746076763,0.8923065066337585
astroturf,1411.3609551241884,0.8734372854232788
astroturf,1511.165871718,0.8812376856803894
astroturf,1654.6440247210694,0.8909093737602234
astroturf,1941.1755445874091,0.9061799049377441
astroturf,1626.5049021170696,0.8891382813453674
astroturf,2036.1363597929526,0.9103415012359619
astroturf,1455.709781020383,0.8770257830619812
astroturf,1502.2708502686992,0.8805815577507019
astroturf,1400.9750268993962,0.8725665807723999
astroturf,2279.2987753655725,0.919489324092865
astroturf,1618.4153846606744,0.8886184692382812
astroturf,1575.1564399889485,0.8857542276382446
astroturf,1361.9500094534355,0.8691855669021606
astroturf,1516.2378076890486,0.8816086053848267
astroturf,1504.9167037482446,0.8807774782180786
astroturf,1331.0301965278356,0.8663773536682129
astroturf,1695.1449973036367,0.8933617472648621
astroturf,1495.1524307808193,0.8800512552261353
astroturf,1590.0983158995973,0.8867599964141846
astroturf,1679.6810644777645,0.8924384713172913
astroturf,1612.0626219955889,0.8882068395614624
astroturf,1442.9736855803776,0.8760161399841309
astroturf,1913.2125286543228,0.9048799872398376
astroturf,1207.6168670566892,0.8538637161254883
astroturf,1470.6726024813288,0.8781912326812744
astroturf,1916.9756747903323,0.9050570130348206
astroturf,1430.7359876963883,0.8750303387641907
astroturf,1549.2525341304872,0.8839677572250366
astroturf,1465.1589575899545,0.8777643442153931
astroturf,1739.2626903161513,0.8959110379219055
astroturf,1274.98732544876,0.8609695434570312
astroturf,1475.1279216705475,0.8785340189933777
astroturf,1575.810603202644,0.8857986330986023
astroturf,1443.7705916358202,0.876079797744751
astroturf,1731.2832874250066,0.895458996295929
astroturf,1628.4931017953622,0.8892652988433838
astroturf,1712.90281430132,0.8944026827812195
astroturf,1682.1718304599144,0.8925882577896118
astroturf,1615.602119860807,0.8884365558624268
astroturf,2412.8451599481396,0.9237626194953918
astroturf,1807.166739014775,0.8996057510375977
astroturf,1586.91953129326,0.8865475058555603
astroturf,1655.007855962685,0.8909319043159485
astroturf,2003.9185304627701,0.9089714884757996
astroturf,1413.029257064903,0.8735760450363159
astroturf,1807.1281277486166,0.8996037244796753
astroturf,1241.4412457540125,0.857519268989563
astroturf,1724.025905220254,0.8950444459915161
astroturf,1627.641659774635,0.8892109394073486
astroturf,1889.3849164659327,0.9037436246871948
astroturf,1953.0350843834824,0.9067205786705017
astroturf,1244.9392332173697,0.8578869700431824
astroturf,1664.5193544768888,0.8915176391601562
astroturf,1321.659108261873,0.8655024170875549
astroturf,1954.9620009123935,0.9068078398704529
astroturf,1476.172734297165,0.8786141276359558
astroturf,1706.49751457631,0.8940295577049255
astroturf,1648.0346095234402,0.8904984593391418
astroturf,1550.542823804764,0.8840580582618713
astroturf,1280.6556733810185,0.8615362048149109
astroturf,1364.4039834540674,0.8694034218788147
astroturf,1548.928360147205,0.8839450478553772
astroturf,1725.846604117213,0.895148754119873
astroturf,1303.2475705996933,0.8637498021125793
astroturf,1822.097717572375,0.9003833532333374
astroturf,1739.00066800476,0.8958962559700012
astroturf,1919.431143241531,0.9051721692085266
astroturf,1689.523717301881,0.8930279612541199
astroturf,1678.4842342384813,0.892366349697113
astroturf,1487.6638209409125,0.8794882893562317
astroturf,2262.591216699567,0.9189208149909973
astroturf,1167.0491212250588,0.8492259383201599
astroturf,1877.627192397989,0.9031728506088257
astroturf,1846.398073604318,0.901623547077179
astroturf,1735.6000628553927,0.8957040309906006
astroturf,2075.4174487624664,0.9119572043418884
astroturf,2045.778017063614,0.9107435345649719
astroturf,1807.157653871237,0.8996052742004395
astroturf,2599.2634330287983,0.929022490978241
astroturf,2198.778418713972,0.9166736602783203
astroturf,1662.8501073101359,0.8914152979850769
astroturf,1707.8770863344612,0.8941101431846619
astroturf,1793.425721869983,0.89887934923172
astroturf,1912.2669746100985,0.9048354029655457
astroturf,1368.647577600922,0.8697784543037415
astroturf,2302.7162079266104,0.9202728867530823
astroturf,1986.2923627510688,0.9082041382789612
astroturf,1704.6732070042272,0.8939228057861328
astroturf,1285.7989956130339,0.8620464205741882
astroturf,2221.535555105619,0.9174891710281372
astroturf,1683.025812304469,0.8926395177841187
astroturf,1934.5661337023796,0.9058758616447449
astroturf,1555.9745348645529,0.8844366669654846
astroturf,2925.5299399319724,0.9366714358329773
astroturf,1309.216654590468,0.8643229603767395
astroturf,1528.0765709610455,0.8824654817581177
astroturf,1407.4909181424882,0.8731142282485962
astroturf,2090.3311032365586,0.9125555157661438
astroturf,1552.8199697638008,0.8842170834541321
astroturf,2132.933602861988,0.9142208099365234
astroturf,1827.959690510531,0.9006853699684143
astroturf,1348.806852747689,0.8680063486099243
astroturf,2423.759670835683,0.9240919351577759
astroturf,1054.1591364328647,0.8346354365348816
astroturf,2165.262674653308,0.9154428839683533
astroturf,2013.4839198113862,0.9093825817108154
innocent,139.00185302751268,0.32411691546440125
innocent,137.19632828099589,0.3206930458545685
innocent,153.3889888775617,0.3505602777004242
innocent,92.6765824295102,0.22877298295497894
innocent,175.5609470372443,0.38846302032470703
innocent,191.533906755768,0.41372430324554443
innocent,174.6953939805209,0.38704630732536316
innocent,133.31625609294636,0.3132549822330475
innocent,173.03806372527524,0.38431963324546814
innocent,169.24485873886906,0.37800928950309753
innocent,142.14344185959118,0.3300181031227112
innocent,158.72037193832634,0.3599851131439209
innocent,171.43085762175448,0.38165777921676636
innocent,133.72842897131818,0.3140503168106079
innocent,157.58589376710668,0.3579963147640228
innocent,134.61098060898726,0.3157491385936737
innocent,165.35892689371727,0.3714431822299957
innocent,154.90540698645177,0.35326138138771057
innocent,168.90799996296974,0.37744417786598206
innocent,141.105426800116,0.32807618379592896
innocent,138.99041984430013,0.32409530878067017
innocent,158.43675066304158,0.35948875546455383
innocent,226.31347105369707,0.4632869064807892
innocent,133.33568656791869,0.3132925033569336
innocent,204.22860201841186,0.432647168636322
innocent,122.49831040437134,0.2919370234012604
innocent,137.9339506137012,0.3220946788787842
innocent,124.39126672622943,0.29572904109954834
innocent,143.50725791528126,0.33255770802497864
innocent,148.34939749750234,0.34146633744239807
innocent,151.9539513982659,0.34798914194107056
innocent,120.1833417950882,0.28726401925086975
innocent,203.68006118848803,0.4318498969078064
innocent,144.0083564614175,0.33348745107650757
innocent,178.31412853091416,0.39293617010116577
innocent,141.87924219303835,0.32952457666397095
innocent,149.73273768581703,0.3439805805683136
innocent,150.33075999254083,0.3450632691383362
innocent,117.02337555069754,0.28082212805747986
innocent,156.03014308939152,0.35525432229042053
innocent,147.85275539796652,0.34056034684181213
innocent,177.02614635414878,0.3908498287200928
innocent,129.3470002738785,0.30553242564201355
innocent,219.30921425881556,0.45387110114097595
innocent,136.08253622900259,0.3185691237449646
innocent,175.16793088239874,0.38782036304473877
innocent,121.89435609996437,0.2907216548919678
innocent,200.12177830380583,0.42663392424583435
innocent,147.38594431432617,0.3397071659564972
innocent,165.23901355423268,0.37123891711235046
innocent,164.69607160624471,0.37031280994415283
innocent,132.93341605768924,0.31251513957977295
innocent,180.91960872528992,0.39712315797805786
innocent,161.30804910353515,0.36448779702186584
innocent,166.1281790792221,0.3727512061595917
innocent,137.57160014723013,0.32140663266181946
innocent,234.90811256230052,0.47447457909584045
innocent,176.4673008535365,0.38994115591049194
innocent,153.40722188764965,0.35059285163879395
innocent,113.95984853609944,0.2745073437690735
innocent,147.11944515011845,0.3392193913459778
innocent,199.88258112783654,0.42628052830696106
innocent,128.4246303863132,0.3037213981151581
innocent,168.86639089663456,0.3773743212223053
innocent,189.2812607521025,0.41026151180267334
innocent,173.37735949123933,0.38487935066223145
innocent,259.5613194561564,0.5044598579406738
innocent,137.9139106819572,0.3220566511154175
innocent,161.79752912980774,0.36533427238464355
innocent,150.22728236460566,0.34487611055374146
innocent,156.12776366137027,0.3554268777370453
innocent,135.96252633770285,0.3183397352695465
innocent,180.99686645719441,0.3972466289997101
innocent,174.51608210653552,0.386752188205719
innocent,117.42205522117949,0.28163889050483704
innocent,150.96840713448645,0.3462148904800415
innocent,185.82146930237488,0.4048800468444824
innocent,195.64312428844488,0.4199586510658264
innocent,144.43820773982483,0.3342835605144501
innocent,154.2928994393515,0.352172315120697
innocent,153.63503702707334,0.350999653339386
innocent,122.51027521472962,0.29196107387542725
innocent,135.7045276704801,0.31784623861312866
innocent,185.80917992646584,0.40486079454421997
innocent,156.29718072328959,0.3557261824607849
innocent,165.87372299549543,0.37231898307800293
innocent,142.2955428578722,0.33030200004577637
innocent,170.71971509579544,0.38047441840171814
innocent,124.98746990021046,0.29691794514656067
innocent,142.4740075676015,0.3306348919868469
innocent,119.31192629151141,0.2854948341846466
innocent,202.9700948115507,0.43081530928611755
innocent,216.204298720028,0.44960907101631165
innocent,200.26688857950467,0.4268481433391571
innocent,232.59617557172052,0.47150400280952454
innocent,167.2121116029334,0.37458741664886475
innocent,172.62414108354514,0.3836357593536377
innocent,116.43368115358494,0.2796119153499603
innocent,138.19038057159537,0.322581022977829
innocent,114.125127300493,0.2748497724533081
innocent,266.2173888106938,0.512052595615387
innocent,178.16895885468804,0.39270156621932983
innocent,200.2815498079661,0.42686977982521057
innocent,160.79530273306534,0.3635993003845215
innocent,230.95932558978814,0.4693836569786072
innocent,160.67118324508775,0.363383948802948
innocent,131.795562656443,0.31030991673469543
innocent,227.23557148319756,0.4645062983036041
innocent,122.38206979011314,0.29170331358909607
innocent,144.1288091020677,0.3337106704711914
innocent,136.89915995481633,0.3201272487640381
innocent,139.63311185854627,0.3253084123134613
innocent,136.6122665204125,0.31958040595054626
innocent,127.28487554997501,0.3014749586582184
innocent,139.0398778822232,0.324188768863678
innocent,171.9338578398269,0.38249272108078003
innocent,149.52793722805467,0.3436092138290405
innocent,129.6519657285555,0.3061298429965973
innocent,147.8968096316035,0.3406407833099365
innocent,125.12965536403566,0.29720109701156616
innocent,130.1549746598285,0.30711373686790466
innocent,371.8482461164192,0.6094906330108643
innocent,124.1951734983923,0.295337438583374
innocent,137.33052054792492,0.3209483325481415
innocent,142.024630300211,0.3297962248325348
innocent,116.417289350626,0.27957823872566223
innocent,135.62407463412467,0.31769225001335144
innocent,295.19515921590255,0.5428466796875
innocent,124.44959954510672,0.29584547877311707
innocent,120.59946238390265,0.28810688853263855
innocent,197.08792687163785,0.42212560772895813
innocent,107.02694866188172,0.2599652409553528
innocent,170.2533521364803,0.3796965181827545
innocent,165.56941423177437,0.371801495552063
innocent,143.684941017317,0.33288758993148804
innocent,241.17288349685825,0.48238348960876465
innocent,147.1071421312666,0.3391968607902527
innocent,109.11937405381977,0.26439082622528076
innocent,216.2463897597349,0.44966721534729004
innocent,178.05215918221455,0.392512708902359
innocent,185.0457952284631,0.4036629796028137
innocent,140.61237835035473,0.3271510601043701
innocent,158.93179424491476,0.3603547513484955
innocent,154.38932883908473,0.35234394669532776
innocent,176.77305052296123,0.3904385566711426
innocent,137.88771659813554,0.3220069408416748
innocent,192.18189936002005,0.4147144556045532
innocent,153.8548858604717,0.35139188170433044
innocent,145.7071666394142,0.33662599325180054
innocent,182.36485192542608,0.3994264304637909
innocent,222.196766410268,0.4577859044075012
innocent,211.85353746496446,0.443543940782547
innocent,165.8219970628226,0.37223106622695923
innocent,117.65323610676731,0.2821119725704193
innocent,174.44680174262032,0.38663849234580994
innocent,170.19456117310952,0.37959834933280945
innocent,205.05767129802908,0.4338487386703491
innocent,149.31279587896285,0.34321877360343933
innocent,178.72195765581583,0.39359450340270996
innocent,115.49765418935719,0.2776857316493988
innocent,141.29529111511926,0.32843196392059326
innocent,166.37773099878302,0.37317466735839844
innocent,122.68486944372914,0.2923119068145752
innocent,134.65414412436812,0.31583207845687866
innocent,239.6282066048009,0.480452299118042
innocent,157.5468168320907,0.3579276502132416
innocent,177.0582605665272,0.39090198278427124
innocent,140.99107910670762,0.3278617858886719
innocent,178.64774446532468,0.3934747874736786
innocent,165.57825921242667,0.3718165457248688
innocent,157.0722744736392,0.357092946767807
innocent,130.68822289755514,0.30815476179122925
innocent,293.02765457540113,0.5406637787818909
innocent,169.4016847415394,0.3782721161842346
innocent,213.8071199128697,0.446280837059021
innocent,212.59160825173885,0.4445805549621582
innocent,174.36095032404785,0.3864975571632385
innocent,131.47168215293027,0.3096804916858673
innocent,164.8762156477563,0.3706203103065491
innocent,165.02655229615704,0.3708767592906952
innocent,155.35273428635404,0.3540550768375397
innocent,198.6636138164075,0.42447414994239807
innocent,160.6966513854563,0.36342814564704895
innocent,209.04031978655914,0.4395636022090912
innocent,127.34193171300936,0.30158764123916626
innocent,183.97710026719622,0.4019797742366791
innocent,130.21659398089244,0.30723413825035095
innocent,143.0309001123317,0.33167219161987305
innocent,131.70064265993057,0.31012552976608276
innocent,192.24246905906733,0.41480687260627747
innocent,254.4270016115527,0.49846145510673523
innocent,119.97655839131669,0.2868447005748749
innocent,138.24707771273393,0.322688490152359
innocent,151.11597642469755,0.34648099541664124
innocent,141.85291678094111,0.32947537302970886
innocent,193.4097257637623,0.4165833592414856
innocent,160.26872688690705,0.3626849353313446
innocent,148.70237233602745,0.34210917353630066
innocent,331.71582794456657,0.5769973397254944
innocent,172.31428693159614,0.3831230700016022
innocent,129.2283391136387,0.3052997887134552
innocent,188.22029536152232,0.40861940383911133
innocent,120.19473626077023,0.2872871160507202
innocent,138.50941892276467,0.32318544387817383
innocent,138.05412819629342,0.32232266664505005
innocent,144.86821409038026,0.335078626871109
innocent,158.64915965764604,0.35986053943634033
innocent,186.85212493406416,0.4064911901950836
innocent,224.2890846645083,0.46059349179267883
innocent,242.09531530769968,0.4835309088230133
innocent,160.13983113215045,0.36246082186698914
innocent,169.9203710006227,0.3791401982307434
innocent,138.09280099591578,0.32239601016044617
innocent,120.33372759311011,0.2875687777996063
innocent,161.21261931495192,0.36432257294654846
innocent,175.82214013360306,0.3888895511627197
innocent,167.75098042620922,0.3754972815513611
innocent,163.09910378898113,0.36757704615592957
innocent,112.75999791805356,0.2720155119895935
innocent,129.59269805959013,0.3060137927532196
innocent,201.44425201307453,0.42858147621154785
innocent,158.34450471347034,0.35932719707489014
innocent,169.2728770170852,0.37805625796318054
innocent,287.36395961977104,0.5348711013793945
innocent,144.4093654540647,0.3342301845550537
innocent,186.44449492429837,0.4058547914028168
innocent,142.37528553525007,0.33045077323913574
innocent,219.44685123118248,0.45405876636505127
innocent,188.1129364551818,0.4084528386592865
innocent,180.63715428102768,0.3966714143753052
innocent,124.41933420025698,0.2957850694656372
innocent,141.68211381428887,0.3291560113430023
innocent,134.8973131394969,0.31629908084869385
innocent,114.08380581468049,0.27476418018341064
innocent,122.80362781880935,0.2925504148006439
innocent,311.84240580559214,0.5590102076530457
innocent,175.23012917495402,0.38792213797569275
innocent,130.53006555947312,0.30784621834754944
innocent,142.99785880413614,0.33161070942878723
innocent,131.48256378717986,0.3097016513347626
innocent,140.06181250188146,0.3261159360408783
innocent,100.15921028480932,0.24521903693675995
innocent,416.6315083544586,0.6406450271606445
innocent,147.18889670790026,0.3393465578556061
innocent,487.2505964176918,0.6812008023262024
innocent,122.23238711828289,0.2914022207260132
innocent,147.66607857771382,0.3402193486690521
innocent,141.56391198429242,0.3289348781108856
innocent,147.88680331562514,0.34062251448631287
innocent,166.42430068194884,0.37325364351272583
innocent,156.86847072295853,0.3567339777946472
innocent,153.86116959520612,0.3514030873775482
innocent,146.6926844294522,0.3384372293949127
innocent,110.500534136352,0.2672947347164154
innocent,225.43682226106722,0.462123304605484
innocent,170.235895430371,0.37966737151145935
innocent,191.90284168362257,0.41428837180137634
innocent,253.0373746438439,0.4968163073062897
innocent,120.88820942373695,0.2886910140514374
innocent,158.89871308632758,0.36029693484306335
innocent,149.45201512168836,0.3434714674949646
innocent,191.41954134187245,0.4135492742061615
innocent,214.31371140843993,0.44698694348335266
innocent,140.16171632131284,0.3263039290904999
innocent,187.86783529687563,0.408072292804718
innocent,145.25232700035727,0.33578771352767944
innocent,95.03771353562054,0.23400473594665527
innocent,169.97517391495123,0.3792318105697632
innocent,111.28812274177129,0.26894447207450867
innocent,122.84674849222714,0.2926369905471802
innocent,148.23523125632076,0.3412582278251648
innocent,117.90130405939234,0.2826191782951355
innocent,187.47272845196625,0.40745803713798523
innocent,131.80546009482077,0.3103291392326355
innocent,125.90378140025801,0.29874011874198914
innocent,150.70787091637519,0.34574469923973083
innocent,97.172368790115,0.23870126903057098
innocent,153.67085525936812,0.3510635793209076
innocent,159.31814469709872,0.36102941632270813
innocent,114.48726328703661,0.2755993604660034
innocent,151.5981046767776,0.3473493158817291
innocent,128.64776828630485,0.30416008830070496
innocent,156.58276451365947,0.3562302589416504
innocent,171.11847321471674,0.3811383843421936
innocent,125.19455467942738,0.2973302900791168
innocent,120.53465353083551,0.2879756987094879
innocent,142.58650205535938,0.33084461092948914
innocent,142.12269178394564,0.3299793601036072
innocent,199.93700399251367,0.42636096477508545
innocent,333.0807657062859,0.578183650970459
innocent,152.2452796125336,0.34851229190826416
innocent,138.1349531653655,0.32247593998908997
innocent,189.08500789642497,0.4099583029747009
innocent,132.1191463382698,0.3109380006790161
innocent,193.62984929765537,0.4169174134731293
innocent,152.06744553670123,0.3481930196285248
innocent,229.0971090284015,0.46695390343666077
innocent,117.153510510395,0.28108885884284973
innocent,152.67320444074687,0.34927964210510254
innocent,155.1446429332545,0.35368603467941284
innocent,140.25752258243517,0.32648414373397827
innocent,161.59219672639975,0.3649793863296509
innocent,151.11075243657513,0.3464715778827667
innocent,149.29539677775315,0.3431871831417084
innocent,127.38112802433916,0.3016650378704071
innocent,161.1347568318472,0.36418771743774414
innocent,189.10903426108993,0.409995436668396
innocent,143.0989660489154,0.33179882168769836
innocent,207.79603605999986,0.4377882480621338
innocent,167.34822691806383,0.374817430973053
innocent,152.2784433206145,0.3485718071460724
innocent,139.47921400684882,0.3250181972980499
innocent,118.84542830412059,0.2845454514026642
innocent,157.7818282603806,0.35834044218063354
innocent,161.21478776779676,0.3643263280391693
innocent,151.63002410315917,0.3474067449569702
innocent,242.3159402591143,0.48380470275878906
innocent,118.81365002147994,0.2844807207584381
innocent,231.76660362427018,0.4704311788082123
innocent,181.29495683791404,0.39772266149520874
innocent,144.173418220947,0.3337933123111725
innocent,174.0836319390013,0.3860419690608978
innocent,150.77926592944547,0.3458735942840576
innocent,222.97454852583542,0.45883241295814514
innocent,126.13969081109624,0.29920825362205505
innocent,194.1584010411987,0.4177182912826538
innocent,167.22235555906195,0.374604731798172
innocent,173.64940945944875,0.3853275775909424
innocent,147.73877853127004,0.3403521776199341
innocent,229.2197820800606,0.46711453795433044
innocent,160.48124174213243,0.36305418610572815
innocent,163.75642967269326,0.36870524287223816
innocent,160.77745224278934,0.36356833577156067
innocent,161.6184659618544,0.3650248050689697
innocent,177.92289129583207,0.39230358600616455
innocent,203.00518105748898,0.4308665096759796
innocent,166.06962556192232,0.3726517856121063
innocent,144.04606220855953,0.3335573375225067
innocent,152.41496349982847,0.34881672263145447
innocent,145.039365814207,0.3353947103023529
innocent,87.14116847429855,0.21635757386684418
innocent,159.68277107140054,0.36166518926620483
innocent,143.8813713276805,0.3332520127296448
innocent,151.45932596797462,0.34709954261779785
innocent,165.59425103910039,0.37184375524520874
innocent,137.33244792809995,0.32095199823379517
innocent,141.31755019544693,0.32847365736961365
innocent,164.3585363575496,0.36973604559898376
innocent,173.85348212411978,0.3856634795665741
innocent,137.49817732118413,0.32126709818840027
innocent,113.31826951419602,0.2731762230396271
innocent,207.19837171598036,0.436932235956192
innocent,149.52686936495917,0.3436072766780853
innocent,204.38254937070417,0.4328705966472626
innocent,223.89997705396442,0.46007320284843445
innocent,162.6018834785573,0.36672165989875793
innocent,263.9099216313352,0.5094435214996338
innocent,134.71020674538573,0.3159397840499878
innocent,225.7907907302708,0.4625936448574066
innocent,150.8360991679261,0.34597617387771606
innocent,146.37903167748843,0.3378615379333496
innocent,144.6392595588482,0.3346554636955261
innocent,123.20867983061805,0.29336312413215637
innocent,143.30638231690483,0.33218449354171753
innocent,124.70701300536612,0.29635900259017944
innocent,148.45559853747196,0.3416598439216614
innocent,154.88214864249585,0.3532200753688812
innocent,160.56339750128686,0.36319684982299805
innocent,155.25275904305923,0.35387781262397766
innocent,144.56640260471085,0.33452072739601135
innocent,124.86536726962414,0.2966746687889099
innocent,266.5845718234363,0.5124655365943909
innocent,173.52036517013323,0.38511502742767334
innocent,149.30211006355904,0.34319937229156494
innocent,163.38725100255903,0.368071973323822
innocent,252.48376403465852,0.49615830183029175
innocent,143.15060817991187,0.3318948745727539
innocent,132.07152451786664,0.31084561347961426
innocent,235.58733913313557,0.47534194588661194
innocent,138.36044600117094,0.3229033052921295
innocent,208.06166542958448,0.4381680190563202
innocent,128.0565389618465,0.3029969334602356
innocent,145.70329852615922,0.3366188704967499
innocent,129.07938007492118,0.30500760674476624
innocent,143.1486371610768,0.3318912088871002
innocent,265.69659182899784,0.511465847492218
innocent,144.19542802056895,0.33383408188819885
innocent,120.20823379452004,0.2873144745826721
innocent,163.73840015541234,0.3686743378639221
innocent,139.64517403794235,0.3253311514854431
innocent,224.4550993714311,0.4608152210712433
innocent,165.18542648080157,0.37114760279655457
innocent,160.00362025524223,0.36222386360168457
innocent,191.90662614398653,0.41429415345191956
innocent,189.57342651149034,0.41071245074272156
innocent,130.13356374239723,0.30707189440727234
innocent,126.53176480771165,0.2999853789806366
innocent,139.40259927820432,0.3248736560344696
innocent,102.26267793139773,0.24977128207683563
innocent,149.51067125301878,0.34357789158821106
innocent,177.79694992248096,0.3920997381210327
innocent,198.49470461199468,0.4242231249809265
innocent,182.54294685873535,0.3997093141078949
innocent,128.4541036929994,0.30377936363220215
innocent,126.78109799519297,0.300478994846344
innocent,154.2397358918966,0.3520776629447937
innocent,148.6626157355163,0.34203681349754333
innocent,193.9909954920265,0.41746482253074646
innocent,138.90346521132096,0.323930948972702
innocent,119.68648345549508,0.28625595569610596
innocent,180.40123771271408,0.3962936997413635
innocent,134.94272849393948,0.31638625264167786
innocent,134.51554342180447,0.31556570529937744
innocent,168.9922159058207,0.3775855302810669
innocent,178.91832403021928,0.39391109347343445
innocent,133.54735344171812,0.3137010633945465
innocent,177.26124656025726,0.3912314772605896
innocent,127.58473244489157,0.3020668923854828
innocent,301.3030446587838,0.5488991141319275
innocent,152.79887081745545,0.3495047390460968
innocent,117.32101526645805,0.28143200278282166
innocent,127.47418355682255,0.30184873938560486
innocent,153.96097830301903,0.35158103704452515
innocent,145.008373829696,0.33533748984336853
innocent,121.81627241844821,0.29056432843208313
innocent,121.94470288499637,0.2908230721950531
innocent,105.88346670650274,0.25753340125083923
innocent,137.56124882204784,0.3213869631290436
innocent,117.02381165667626,0.2808230221271515
innocent,150.80629397866414,0.3459223806858063
innocent,150.01436317788978,0.34449076652526855
innocent,106.94916013678291,0.25980010628700256
innocent,116.03713627429784,0.2787966728210449
innocent,120.28796791655236,0.2874760627746582
innocent,128.05997391286996,0.3030036985874176
innocent,118.31678753379973,0.28346768021583557
innocent,131.62409615922422,0.3099767863750458
innocent,108.4109891903252,0.2628960907459259
innocent,153.9540734978362,0.35156872868537903
innocent,141.18882719078798,0.3282324969768524
innocent,130.87109204351722,0.30851128697395325
innocent,152.8522808975111,0.3496003746986389
innocent,168.0475153820044,0.3759971261024475
innocent,149.95802626911632,0.3443887531757355
innocent,171.1852436649718,0.38124945759773254
innocent,174.19269326864827,0.3862212002277374
innocent,143.42716481095394,0.33240893483161926
innocent,214.15911748996365,0.44677162170410156
innocent,103.38488300565795,0.252187043428421
innocent,103.10086235077142,0.2515764832496643
innocent,211.29003145951467,0.44275036454200745
innocent,229.33916912590107,0.46727079153060913
innocent,145.32904728570026,0.3359292149543762
innocent,174.3592078280505,0.3864946961402893
innocent,159.86857919495887,0.3619888126850128
innocent,150.8418294312039,0.3459865152835846
innocent,231.14434245775712,0.46962404251098633
innocent,171.82787935747967,0.3823169469833374
innocent,104.80670138694124,0.25523486733436584
innocent,138.26067993858396,0.32271426916122437
innocent,177.2635792348706,0.39123526215553284
innocent,172.58161047818285,0.38356542587280273
innocent,148.47886301277097,0.3417022228240967
innocent,231.88241836799014,0.47058117389678955
innocent,113.97372596450037,0.2745361030101776
innocent,150.8082588666693,0.3459259271621704
innocent,129.55103284779162,0.3059321939945221
innocent,200.03622267395417,0.4265075623989105
innocent,153.39037340574586,0.3505627512931824
innocent,141.5605037292134,0.32892850041389465
innocent,122.63134627577938,0.2922043800354004
innocent,130.24595966467427,0.30729150772094727
innocent,162.12133898015227,0.36589333415031433
innocent,135.29471815555385,0.3170613646507263
innocent,192.28955239639083,0.4148786962032318
innocent,203.3410251903951,0.4313562214374542
innocent,158.95664209716506,0.36039817333221436
innocent,145.46506078382768,0.3361799716949463
innocent,164.80889510182948,0.3705054223537445
innocent,172.90187040506024,0.3840947449207306
innocent,148.10069417994248,0.3410128653049469
innocent,244.63850797766972,0.4866720139980316
innocent,180.03601199010322,0.39570823311805725
innocent,149.9823337098178,0.3444327712059021
innocent,177.0446619765046,0.39087989926338196
innocent,207.93270184422883,0.4379836916923523
innocent,279.0870030207372,0.5261685252189636
innocent,125.7646567245226,0.2984638512134552
innocent,176.12269631300154,0.3893797993659973
innocent,116.96646952294552,0.28070545196533203
innocent,201.0282064139851,0.42796993255615234
innocent,147.3357397461907,0.3396153151988983
innocent,122.1768935052655,0.2912905514240265
innocent,159.2666719103852,0.3609395921230316
innocent,132.81276445808095,0.3122817575931549
innocent,147.0880215511027,0.33916184306144714
innocent,162.44721396412422,0.36645522713661194
innocent,148.57531380526524,0.34187787771224976
innocent,168.8346030357271,0.37732094526290894
innocent,204.50107993991963,0.4330425262451172
